variant_idx,p_target_odd,p_min_accept_odd,p_random_league_bet_min_winrate,p_rich_day_match_count,p_day_max_windows_rich,p_day_max_windows_poor,p_min_side_matches_for_split,p_split_gap_weight,p_league_bet_require_data,p_topk_size,p_topk_uniform_draw,p_prefer_3legs_delta,p_random_build_source,p_random_select_source,p_search_budget_ms_system,p_search_budget_ms_random,O15R_wr_mean,O15R_wr_std,O15R_n_mean,O15R_worst_streak,O15R_best_streak,O15R_nm_mult_mean,O15R_nm_mult_min,O15R_nm_ruin,O15R_nm_streak,O15R_safe_mult_mean,O15R_safe_mult_min,O15R_safe_ruin,O15R_safe_streak,O15R_safe_dbl,O15R_score,U35R_wr_mean,U35R_wr_std,U35R_n_mean,U35R_worst_streak,U35R_best_streak,U35R_nm_mult_mean,U35R_nm_mult_min,U35R_nm_ruin,U35R_nm_streak,U35R_safe_mult_mean,U35R_safe_mult_min,U35R_safe_ruin,U35R_safe_streak,U35R_safe_dbl,U35R_score,O25R_wr_mean,O25R_wr_std,O25R_n_mean,O25R_worst_streak,O25R_best_streak,O25R_nm_mult_mean,O25R_nm_mult_min,O25R_nm_ruin,O25R_nm_streak,O25R_safe_mult_mean,O25R_safe_mult_min,O25R_safe_ruin,O25R_safe_streak,O25R_safe_dbl,O25R_score,O15SR_wr_mean,O15SR_wr_std,O15SR_n_mean,O15SR_worst_streak,O15SR_best_streak,O15SR_nm_mult_mean,O15SR_nm_mult_min,O15SR_nm_ruin,O15SR_nm_streak,O15SR_safe_mult_mean,O15SR_safe_mult_min,O15SR_safe_ruin,O15SR_safe_streak,O15SR_safe_dbl,O15SR_score,U35SR_wr_mean,U35SR_wr_std,U35SR_n_mean,U35SR_worst_streak,U35SR_best_streak,U35SR_nm_mult_mean,U35SR_nm_mult_min,U35SR_nm_ruin,U35SR_nm_streak,U35SR_safe_mult_mean,U35SR_safe_mult_min,U35SR_safe_ruin,U35SR_safe_streak,U35SR_safe_dbl,U35SR_score,O25SR_wr_mean,O25SR_wr_std,O25SR_n_mean,O25SR_worst_streak,O25SR_best_streak,O25SR_nm_mult_mean,O25SR_nm_mult_min,O25SR_nm_ruin,O25SR_nm_streak,O25SR_safe_mult_mean,O25SR_safe_mult_min,O25SR_safe_ruin,O25SR_safe_streak,O25SR_safe_dbl,O25SR_score,total_safe_mult,total_n
15817,2.6,1.4,0.5,15,4,2,5,0.6,False,10,True,0.08,TEAM,TEAM,5,5,0.5712,0.0772,20.06,2.52,3.74,2.3794,0.0,8.0,2.48,2.503,0.0,4.0,2.48,0.86,1.3829,0.6221,0.2856,3.14,1.04,1.5,1.196,0.0,2.0,1.04,1.196,0.0,2.0,1.04,0,0.7646,1.0,0.0,3.14,0,3.14,1.254,1.073,0.0,0,1.254,1.073,0.0,0,0,0.927,0.3902,0.0858,22.46,5.58,2.8,1.2881,0.0,78.0,4.02,2.2471,0.0,40.0,4.06,0.94,0.8406,0.145,0.2433,2.02,1.48,0.4,0.9321,0.0,4.0,1.48,0.9321,0.0,4.0,1.48,0,0.4696,0.3381,0.2129,4.3,1.98,1.1,1.3736,0.0,4.0,1.98,1.3989,0.0,4.0,1.98,0.12,0.7609,9.5311,54
9929,2.2,1.8,0.5,12,4,2,3,0.8,False,10,True,0.08,TEAM,TEAM,5,5,0.5837,0.0705,22.7,2.66,4.4,2.791,0.0,8.0,2.64,2.6822,0.0,4.0,2.64,1.04,1.4762,0.7498,0.1681,4.84,1.04,2.7,1.3773,0.993,0.0,1.04,1.3773,0.993,0.0,1.04,0,0.9136,0.7,0.4629,1.08,0,1.08,1.1605,1.0,0.0,0,1.1605,1.0,0.0,0,0,0.7903,0.4785,0.0712,26.44,4.82,4.28,0.9364,0.0,76.0,3.9,1.7799,0.0,46.0,3.92,0.78,0.5735,0.3627,0.3432,2.82,1.6,0.98,1.0079,0.0,4.0,1.58,1.0079,0.0,4.0,1.58,0,0.5728,0.4397,0.1636,4.94,1.74,1.38,1.3051,0.0,2.0,1.74,1.3095,0.0,2.0,1.74,0.02,0.7667,9.3173,59
14788,2.4,2.0,0.5,12,4,2,3,0.6,False,10,True,0.08,TEAM,TEAM,5,5,0.472,0.0681,20.22,3.82,3.02,1.9088,0.0,42.0,3.38,1.7681,0.0,42.0,3.38,0.62,0.6057,0.7246,0.2289,3.76,1,2.16,1.2529,0.0,2.0,1,1.2529,0.0,2.0,1,0,0.8238,0.6,0.4949,0.88,0,0.88,1.1332,1.0,0.0,0,1.1332,1.0,0.0,0,0,0.7466,0.4181,0.0569,24.78,5.42,3.08,0.4176,0.0,80.0,4.12,1.8318,0.0,40.0,4.12,0.82,0.6413,0.399,0.3845,2.08,1.08,0.84,1.0601,0.0,2.0,1.08,1.0601,0.0,2.0,1.08,0,0.6298,0.3704,0.1826,4.32,1.88,1.02,1.2919,0.0,4.0,1.86,1.3092,0.0,4.0,1.86,0.06,0.7257,8.3553,53
9011,2.2,1.6,0.5,15,4,2,3,0.8,False,10,True,0.08,TEAM,TEAM,5,5,0.6,0.0731,23.48,2.74,4.48,2.6997,0.0,20.0,2.68,2.4693,0.0,18.0,2.68,0.92,1.2347,0.605,0.1992,4.6,1.34,2.32,1.3198,0.712,0.0,1.34,1.3198,0.712,0.0,1.34,0,0.8414,1.0,0.0,2.32,0,2.32,1.1959,1.045,0.0,0,1.1959,1.045,0.0,0,0,0.898,0.4725,0.0735,25.42,5.08,4.14,0.8923,0.0,72.0,3.92,1.3583,0.0,50.0,3.94,0.6,0.3209,0.363,0.3039,2.64,1.5,0.92,0.9877,0.0,6.0,1.46,0.9877,0.0,6.0,1.46,0,0.5428,0.4407,0.2094,5.18,1.82,1.34,1.3007,0.0,6.0,1.78,1.3086,0.0,6.0,1.78,0.04,0.7265,8.6396,61
16085,2.6,1.4,0.6,12,4,2,3,0.8,False,10,True,0.08,TEAM,TEAM,5,5,0.6043,0.0571,21.58,2.8,5.38,2.3708,0.0,4.0,2.8,2.5157,0.0,2.0,2.8,0.9,1.4191,0.7855,0.1841,5.08,0.9,3.1,1.3704,0.658,0.0,0.9,1.3704,0.658,0.0,0.9,0,0.9208,1.0,0.0,3.08,0,3.08,1.2069,1.073,0.0,0,1.2069,1.073,0.0,0,0,0.9035,0.483,0.0495,26.56,4.94,4.02,2.0286,0.0,58.0,4.08,1.9968,0.0,44.0,4.06,0.84,0.7033,0.263,0.3417,1.68,1.12,0.48,0.9921,0.533,0.0,1.12,0.9921,0.533,0.0,1.12,0,0.5749,0.3564,0.2011,4.12,2.16,1.14,1.2775,0.0,8.0,2.14,1.3053,0.0,8.0,2.14,0.1,0.6796,9.3872,60
18083,2.6,1.8,0.6,15,4,2,3,0.8,False,10,True,0.08,TEAM,TEAM,5,5,0.5519,0.0717,20.64,2.82,4.4,2.5136,0.0,18.0,2.82,2.5057,0.0,12.0,2.82,0.92,1.2984,0.7194,0.2193,3.6,0.8,2.12,1.3783,0.941,0.0,0.8,1.3783,0.941,0.0,0.8,0,0.905,0.58,0.4986,0.82,0,0.82,1.1205,1.0,0.0,0,1.1205,1.0,0.0,0,0,0.7343,0.5055,0.0582,25.46,4.36,4.08,2.7505,0.0,50.0,3.8,2.4933,0.0,38.0,3.78,1,1.0183,0.2883,0.3496,1.68,1.06,0.54,0.9925,0.533,0.0,1.06,0.9925,0.533,0.0,1.06,0,0.5827,0.3208,0.1991,3.64,2.14,0.88,1.2662,0.0,2.0,2.14,1.2961,0.0,2.0,2.14,0.1,0.7243,9.7864,52
18023,2.6,1.8,0.6,12,4,1,5,0.8,False,10,True,0.08,TEAM,TEAM,5,5,0.5375,0.0756,18.26,2.74,3.54,2.8091,0.0,12.0,2.7,2.6476,0.0,12.0,2.7,0.96,1.3651,0.6749,0.2259,3.58,1.04,2.06,1.3665,1.086,0.0,1.04,1.3665,1.086,0.0,1.04,0,0.8857,0.66,0.4785,0.84,0,0.84,1.1219,1.0,0.0,0,1.1219,1.0,0.0,0,0,0.759,0.4371,0.0777,22.94,4.3,2.74,1.9586,0.0,58.0,3.86,2.1673,0.0,42.0,3.82,0.94,0.7948,0.303,0.3968,1.66,1.1,0.5,0.9626,0.0,6.0,1.1,0.9626,0.0,6.0,1.1,0,0.5122,0.2963,0.2131,3.34,2.1,0.8,1.2568,0.0,4.0,2.1,1.2934,0.0,4.0,2.1,0.14,0.6956,9.5593,47
8039,2.2,1.4,0.5,15,4,2,3,0.8,False,10,True,0.08,TEAM,TEAM,5,5,0.6091,0.0647,23.6,2.74,5.26,2.593,0.0,14.0,2.74,2.5593,0.0,10.0,2.74,0.94,1.3624,0.6511,0.1685,4.96,1.14,2.28,1.3558,0.645,0.0,1.14,1.3558,0.645,0.0,1.14,0,0.8732,1.0,0.0,3.26,0,3.26,1.2244,1.073,0.0,0,1.2244,1.073,0.0,0,0,0.9122,0.4799,0.068,24.96,4.98,4.3,1.0866,0.0,72.0,3.92,1.7017,0.0,48.0,3.9,0.76,0.5148,0.3483,0.3646,2.3,1.32,0.76,0.9686,0.0,2.0,1.3,0.9686,0.0,2.0,1.3,0,0.5688,0.3893,0.1909,4.56,1.84,1.24,1.279,0.722,0.0,1.84,1.2892,0.722,0.0,1.84,0.04,0.7614,9.099,60
11872,2.4,1.4,0.5,12,4,2,3,0.6,False,10,True,0.08,TEAM,TEAM,5,5,0.5687,0.0667,23.02,3.64,5.3,1.4992,0.0,32.0,3.32,1.4513,0.0,30.0,3.32,0.5,0.5963,0.7647,0.2113,4.32,1.04,2.72,1.2363,0.0,2.0,1.02,1.2363,0.0,2.0,1.02,0,0.8276,1.0,0.0,2.96,0,2.96,1.1869,1.073,0.0,0,1.1869,1.073,0.0,0,0,0.8935,0.4436,0.0614,25.66,5.7,4.02,0.4074,0.0,90.0,4.08,2.2852,0.0,30.0,4.24,1.06,0.9757,0.2753,0.3373,2.1,1.36,0.56,0.9346,0.0,0.0,1.36,0.9346,0.0,0.0,1.36,0,0.5499,0.373,0.1908,4.26,1.94,1.22,1.2759,0.0,4.0,1.94,1.2842,0.0,4.0,1.94,0.04,0.714,8.3785,60
8095,2.2,1.4,0.5,18,4,2,5,0.6,False,10,True,0.08,TEAM,TEAM,5,5,0.5493,0.0701,20.66,2.46,3.44,2.576,0.0,8.0,2.46,2.4807,0.0,8.0,2.46,0.86,1.3251,0.6237,0.2635,3.98,1.18,1.98,1.2218,0.0,2.0,1.18,1.2218,0.0,2.0,1.18,0,0.778,1.0,0.0,3.06,0,3.06,1.2373,1.073,0.0,0,1.2373,1.073,0.0,0,0,0.9186,0.4392,0.0921,23.44,4.6,3.14,1.1832,0.0,60.0,3.9,1.321,0.0,48.0,3.9,0.62,0.3123,0.3477,0.328,3.02,1.78,0.88,0.9356,0.0,12.0,1.74,0.9356,0.0,12.0,1.74,0,0.4521,0.3766,0.1961,4.82,2.16,1.24,1.2664,0.0,6.0,2.16,1.2838,0.0,6.0,2.16,0.08,0.6949,8.4802,56
18081,2.6,1.8,0.6,15,4,2,3,0.4,False,10,True,0.08,TEAM,TEAM,5,5,0.5763,0.0666,20.44,2.32,4.54,3.3727,0.0,4.0,2.3,3.1846,1.025,0.0,2.32,1.14,1.7652,0.6157,0.2248,2.86,1.02,1.58,1.2823,0.932,0.0,1.02,1.2823,0.932,0.0,1.02,0,0.8259,0.56,0.5014,0.74,0,0.74,1.1107,1.0,0.0,0,1.1107,1.0,0.0,0,0,0.7234,0.4561,0.0646,25.22,4.86,4,1.8947,0.0,72.0,4.02,1.9224,0.0,52.0,4.02,0.82,0.578,0.318,0.3885,1.8,1.18,0.56,0.9971,0.533,0.0,1.18,0.9971,0.533,0.0,1.18,0,0.5939,0.3822,0.1823,4.42,2.18,1.26,1.2616,0.0,6.0,2.18,1.2787,0.0,6.0,2.18,0.1,0.694,9.7758,52
8363,2.2,1.4,0.6,15,4,2,3,0.8,False,10,True,0.08,TEAM,TEAM,5,5,0.6188,0.063,23.68,2.5,5.8,2.9683,0.0,8.0,2.46,2.7795,0.0,6.0,2.46,0.96,1.5154,0.709,0.2165,5,1.16,2.82,1.3752,0.698,0.0,1.16,1.3752,0.698,0.0,1.16,0,0.9003,1.0,0.0,3.24,0,3.24,1.2277,1.073,0.0,0,1.2277,1.073,0.0,0,0,0.9139,0.5349,0.0644,26.48,4.36,4.48,2.0645,0.0,54.0,3.7,1.9459,0.0,44.0,3.7,0.86,0.6934,0.256,0.2853,2.32,1.48,0.66,0.9547,0.0,2.0,1.48,0.9547,0.0,2.0,1.48,0,0.5342,0.4003,0.2019,4.18,2.1,1.2,1.2657,0.0,4.0,2.1,1.2749,0.0,4.0,2.1,0.04,0.7175,9.5579,63
4205,2.0,1.4,0.5,18,4,2,3,0.8,False,10,True,0.08,TEAM,TEAM,5,5,0.5715,0.0668,22.3,2.78,4.28,2.2509,0.0,10.0,2.76,2.3483,0.0,8.0,2.76,0.88,1.2656,0.6324,0.1849,5.44,1.48,2.4,1.3426,0.0,2.0,1.48,1.3426,0.0,2.0,1.48,0,0.841,0.995,0.0354,3.9,0.02,3.88,1.2319,1.027,0.0,0.02,1.2319,1.027,0.0,0.02,0,0.9144,0.5113,0.0674,26.22,4.12,4.28,1.4188,0.0,50.0,3.78,1.6444,0.0,40.0,3.78,0.68,0.5756,0.491,0.3141,2.76,1.26,1.26,1.0771,0.8,0.0,1.26,1.0771,0.8,0.0,1.26,0,0.6858,0.448,0.1934,5.62,2.04,1.56,1.2616,0.0,8.0,2,1.2722,0.0,8.0,2,0.04,0.6905,8.9165,63
17600,2.6,1.8,None,15,4,2,5,0.8,False,10,True,0.08,TEAM,TEAM,5,5,0.5306,0.0749,18.34,2.84,3.5,2.6902,0.0,14.0,2.82,2.7321,0.0,4.0,2.8,1.04,1.4852,0.6438,0.2636,3.82,1.12,2.08,1.319,0.693,0.0,1.12,1.319,0.693,0.0,1.12,0,0.8526,0.7,0.4629,1,0,1,1.1455,1.0,0.0,0,1.1455,1.0,0.0,0,0,0.7827,0.4568,0.0779,22.58,4.08,2.86,3.2878,0.0,48.0,3.52,2.8902,0.0,36.0,3.52,1.16,1.2221,0.277,0.3536,2.04,1.32,0.56,0.9897,0.533,0.0,1.32,0.9897,0.533,0.0,1.32,0,0.5779,0.3127,0.2234,3.24,1.94,0.92,1.2508,0.0,4.0,1.94,1.2709,0.0,4.0,1.94,0.08,0.6893,10.3474,49
16843,2.6,1.6,0.5,18,4,2,5,0.6,False,10,True,0.08,TEAM,TEAM,5,5,0.5835,0.0748,19.38,2.2,3.88,3.026,0.0,6.0,2.2,2.8877,0.0,4.0,2.2,1.02,1.5789,0.5253,0.2871,3.04,1.26,1.36,1.2019,0.0,4.0,1.26,1.2019,0.0,4.0,1.26,0,0.7185,1.0,0.0,1.96,0,1.96,1.1948,1.045,0.0,0,1.1948,1.045,0.0,0,0,0.8974,0.3899,0.0688,21.9,5.36,2.78,0.9437,0.0,80.0,4.04,1.9332,0.0,44.0,4.1,0.86,0.6436,0.2297,0.3114,2.28,1.58,0.56,0.9695,0.0,6.0,1.56,0.9695,0.0,6.0,1.56,0,0.4937,0.3297,0.198,4.26,1.96,0.9,1.2613,0.0,8.0,1.94,1.2624,0.0,8.0,1.94,0.04,0.6501,9.4495,50
16825,2.6,1.6,0.5,18,3,2,5,0.6,False,10,True,0.08,TEAM,TEAM,5,5,0.5243,0.0779,17.52,2.66,3.52,2.6211,0.0,6.0,2.64,2.66,0.0,2.0,2.62,0.98,1.4673,0.469,0.3636,2.38,1.28,0.98,1.0966,0.0,2.0,1.28,1.0966,0.0,2.0,1.28,0,0.669,1.0,0.0,1.54,0,1.54,1.1421,1.045,0.0,0,1.1421,1.045,0.0,0,0,0.871,0.4069,0.1013,17.12,4.8,3.02,1.0027,0.0,56.0,3.82,1.5643,0.0,38.0,3.78,0.66,0.5242,0.2817,0.3723,1.54,1.02,0.5,0.9843,0.0,2.0,1.02,0.9843,0.0,2.0,1.02,0,0.5567,0.2805,0.2215,3.56,1.86,0.8,1.224,0.0,4.0,1.86,1.2561,0.0,4.0,1.86,0.1,0.6722,8.7034,41
17798,2.6,1.8,0.5,18,3,2,5,0.8,False,10,True,0.08,TEAM,TEAM,5,5,0.5441,0.0828,18.1,2.7,3.76,2.4226,0.0,16.0,2.7,2.5102,0.0,12.0,2.7,0.9,1.2983,0.5523,0.323,2.48,0.94,1.24,1.1753,0.0,2.0,0.94,1.1753,0.0,2.0,0.94,0,0.7333,0.48,0.5047,0.58,0,0.58,1.0897,1.0,0.0,0,1.0897,1.0,0.0,0,0,0.6888,0.3879,0.076,16.76,4.94,2.64,0.7551,0.0,70.0,3.94,1.0262,0.0,60.0,3.96,0.48,0.0295,0.1933,0.3601,1.24,0.96,0.28,0.945,0.533,0.0,0.96,0.945,0.533,0.0,0.96,0,0.5305,0.3487,0.2173,3.74,1.9,0.98,1.241,0.0,6.0,1.82,1.253,0.0,6.0,1.82,0.04,0.6711,7.9994,40
4151,2.0,1.4,0.5,15,4,2,3,0.8,False,10,True,0.08,TEAM,TEAM,5,5,0.5677,0.0629,23.14,3.08,4.84,2.0838,0.0,14.0,2.98,2.087,0.0,12.0,2.98,0.78,1.0938,0.6466,0.1939,5.16,1.24,2.6,1.3245,0.936,0.0,1.24,1.3245,0.936,0.0,1.24,0,0.8562,1.0,0.0,4.06,0,4.06,1.2682,1.073,0.0,0,1.2682,1.073,0.0,0,0,0.9341,0.5223,0.0702,25.88,4.26,4.5,1.1456,0.0,52.0,3.82,1.7793,0.0,34.0,3.82,0.78,0.7063,0.338,0.2909,2.94,1.8,0.88,0.9428,0.0,2.0,1.8,0.9428,0.0,2.0,1.8,0,0.5528,0.4177,0.1639,5.88,1.94,1.46,1.244,0.0,6.0,1.9,1.2526,0.0,6.0,1.9,0.04,0.6916,8.6544,64
16716,2.6,1.6,0.5,12,3,2,5,0.4,False,10,True,0.08,TEAM,TEAM,5,5,0.5393,0.0889,16.52,2.76,3.58,2.1976,0.0,22.0,2.68,2.4292,0.0,12.0,2.7,0.86,1.2564,0.576,0.3156,2.78,1.04,1.46,1.2396,0.533,0.0,1.04,1.2396,0.533,0.0,1.04,0,0.7926,1.0,0.0,1.68,0,1.68,1.1591,1.045,0.0,0,1.1591,1.045,0.0,0,0,0.8796,0.3472,0.079,17,4.78,2.1,0.6556,0.0,72.0,4.06,1.0701,0.0,60.0,4.06,0.46,0.0392,0.3233,0.3875,1.4,0.8,0.54,1.0289,0.533,0.0,0.8,1.0289,0.533,0.0,0.8,0,0.6114,0.3154,0.2002,3.88,2,0.82,1.2402,0.0,4.0,2,1.25,0.0,4.0,2,0.04,0.6796,8.1769,40
9275,2.2,1.6,0.6,12,4,1,5,0.8,False,10,True,0.08,TEAM,TEAM,5,5,0.5417,0.0729,18.98,3,3.5,2.0737,0.0,22.0,2.92,1.9801,0.0,22.0,2.92,0.7,0.9326,0.6361,0.1978,4.6,1.24,2.4,1.3346,0.884,0.0,1.24,1.3346,0.884,0.0,1.24,0,0.8581,1.0,0.0,2,0,2,1.195,1.045,0.0,0,1.195,1.045,0.0,0,0,0.8975,0.4921,0.0919,23.66,4.18,3.36,2.1118,0.0,46.0,3.48,1.9389,0.0,44.0,3.48,0.92,0.6771,0.355,0.3277,2.44,1.44,0.88,0.9797,0.533,0.0,1.44,0.9797,0.533,0.0,1.44,0,0.5964,0.3728,0.2015,3.74,2.04,1.12,1.2228,0.0,2.0,2,1.2469,0.0,2.0,2,0.08,0.7153,8.6752,52
15814,2.6,1.4,0.5,15,4,2,3,0.6,False,10,True,0.08,TEAM,TEAM,5,5,0.6381,0.0497,22.98,2.28,5.56,2.502,0.0,2.0,2.28,2.5032,0.0,2.0,2.28,0.9,1.423,0.5673,0.2536,3.22,1.12,1.5,1.2277,0.8,0.0,1.12,1.2277,0.8,0.0,1.12,0,0.784,1.0,0.0,3.1,0,3.1,1.2077,1.073,0.0,0,1.2077,1.073,0.0,0,0,0.9039,0.4502,0.0673,24.9,5.18,4,1.7949,0.0,76.0,3.84,2.7592,0.0,34.0,3.88,1.28,1.1747,0.304,0.327,2.06,1.32,0.6,0.9957,0.0,2.0,1.32,0.9957,0.0,2.0,1.32,0,0.569,0.2934,0.2033,3.76,1.94,0.9,1.2341,0.0,4.0,1.94,1.2447,0.0,4.0,1.94,0.06,0.6704,9.9382,57
7070,2.0,2.0,0.5,15,4,2,5,0.8,False,10,True,0.08,TEAM,TEAM,5,5,0.5752,0.0725,20.12,2.3,3.86,2.252,0.0,6.0,2.28,2.2295,0.0,6.0,2.28,0.84,1.2273,0.716,0.1773,5.04,1.04,2.92,1.3645,0.93,0.0,1.04,1.3645,0.93,0.0,1.04,0,0.8971,0.975,0.1451,1.66,0.02,1.62,1.1963,1.0,0.0,0.02,1.1963,1.0,0.0,0.02,0,0.8906,0.4802,0.0874,23.58,4.28,3.76,1.3153,0.0,56.0,3.74,1.5263,0.0,42.0,3.72,0.56,0.4872,0.4707,0.3291,3.08,1.48,1.12,1.0129,0.0,6.0,1.48,1.0129,0.0,6.0,1.48,0,0.5877,0.4295,0.1616,5.54,1.88,1.56,1.2419,0.0,2.0,1.88,1.2419,0.0,2.0,1.88,0,0.7298,8.5714,57
16772,2.6,1.6,0.5,15,3,2,5,0.8,False,10,True,0.08,TEAM,TEAM,5,5,0.574,0.0797,18.14,2.68,3.82,2.6202,0.0,10.0,2.66,2.6202,0.0,4.0,2.64,0.92,1.4423,0.598,0.311,2.68,0.98,1.4,1.2624,0.533,0.0,0.98,1.2624,0.533,0.0,0.98,0,0.8106,1.0,0.0,1.68,0,1.68,1.1549,1.045,0.0,0,1.1549,1.045,0.0,0,0,0.8775,0.3772,0.083,17.46,4.96,2.82,0.7536,0.0,68.0,3.96,1.252,0.0,46.0,3.96,0.58,0.2792,0.224,0.3393,1.54,1.12,0.4,0.9587,0.0,2.0,1.12,0.9587,0.0,2.0,1.12,0,0.5265,0.2983,0.2202,3.7,1.88,0.86,1.2227,0.0,2.0,1.88,1.2414,0.0,2.0,1.88,0.06,0.6902,8.4896,42
6098,2.0,1.8,0.5,15,4,2,5,0.8,False,10,True,0.08,TEAM,TEAM,5,5,0.5702,0.0718,20.22,2.62,3.98,2.2656,0.0,12.0,2.56,2.2408,0.0,12.0,2.56,0.84,1.1715,0.7389,0.1746,4.94,0.96,2.8,1.3889,1.031,0.0,0.96,1.3889,1.031,0.0,0.96,0,0.9161,0.9693,0.1501,1.86,0.04,1.8,1.2089,1.0,0.0,0.04,1.2089,1.0,0.0,0.04,0,0.8952,0.4849,0.0833,23.86,4.34,3.44,1.097,0.0,62.0,3.82,1.1126,0.0,58.0,3.82,0.42,0.1218,0.3657,0.2997,3.58,1.94,1,0.9639,0.0,8.0,1.86,0.9639,0.0,8.0,1.86,0,0.5117,0.3981,0.19,5.64,2.12,1.48,1.2238,0.0,4.0,2.1,1.2414,0.0,4.0,2.1,0.08,0.7001,8.1565,56
10307,2.2,1.8,0.6,15,4,2,3,0.8,False,10,True,0.08,TEAM,TEAM,5,5,0.5795,0.0697,22.54,2.78,4.46,2.784,0.0,16.0,2.74,2.5933,0.0,14.0,2.74,0.92,1.3305,0.7123,0.2104,4.42,1.02,2.52,1.3758,0.946,0.0,1.02,1.3758,0.946,0.0,1.02,0,0.9016,0.64,0.4849,0.88,0,0.88,1.1209,1.0,0.0,0,1.1209,1.0,0.0,0,0,0.7525,0.5395,0.0725,26.2,3.86,4.54,2.4415,0.0,44.0,3.44,2.2689,0.0,40.0,3.46,0.98,0.8963,0.368,0.3666,2.42,1.44,0.8,0.9584,0.0,6.0,1.44,0.9584,0.0,6.0,1.44,0,0.5296,0.4026,0.1641,4.16,2.12,1.22,1.2331,0.0,4.0,2.12,1.2413,0.0,4.0,2.12,0.02,0.7014,9.5586,58
13709,2.4,1.8,None,15,4,2,3,0.8,False,10,True,0.08,TEAM,TEAM,5,5,0.4828,0.0659,21.2,3.64,4.2,1.5744,0.0,28.0,3.52,1.5521,0.0,26.0,3.52,0.58,0.6609,0.6921,0.2265,4.08,0.96,2.2,1.389,0.895,0.0,0.96,1.389,0.895,0.0,0.96,0,0.9021,0.54,0.5035,0.62,0,0.62,1.0932,1.0,0.0,0,1.0932,1.0,0.0,0,0,0.7086,0.5305,0.0622,25.96,4.3,4.24,2.0717,0.0,58.0,3.84,2.1133,0.0,42.0,3.84,0.9,0.7958,0.2817,0.3589,1.8,1.18,0.52,0.9984,0.533,0.0,1.18,0.9984,0.533,0.0,1.18,0,0.5837,0.411,0.1389,4.02,1.94,1.16,1.225,0.0,2.0,1.94,1.2405,0.0,2.0,1.94,0.06,0.7235,8.3865,55
2134,1.8,1.8,0.5,12,3,2,3,0.6,False,10,True,0.08,TEAM,TEAM,5,5,0.6479,0.0696,20.62,1.8,5.42,2.2599,1.042,0.0,1.8,2.3579,1.042,0.0,1.8,0.9,1.3733,0.7307,0.2102,3.88,0.86,2.62,1.215,0.874,0.0,0.86,1.215,0.874,0.0,0.86,0,0.8267,0.9,0.303,1.72,0,1.72,1.1652,1.0,0.0,0,1.1652,1.0,0.0,0,0,0.8526,0.5531,0.0797,22.2,3.56,5.16,1.1621,0.0,44.0,3.28,1.3216,0.0,40.0,3.28,0.56,0.4267,0.379,0.3219,2.76,1.48,1.02,0.946,0.0,2.0,1.48,0.946,0.0,2.0,1.48,0,0.5667,0.461,0.1826,6.02,1.84,1.64,1.2405,0.533,0.0,1.84,1.2405,0.533,0.0,1.84,0,0.7585,8.2462,54
8957,2.2,1.6,0.5,12,4,2,3,0.8,False,10,True,0.08,TEAM,TEAM,5,5,0.5899,0.0649,23.4,2.88,4.46,2.6901,0.0,10.0,2.8,2.5932,0.0,8.0,2.82,0.94,1.3936,0.7787,0.1639,5.3,0.92,3.1,1.4043,0.918,0.0,0.92,1.4043,0.918,0.0,0.92,0,0.9358,1.0,0.0,2.24,0,2.24,1.2032,1.045,0.0,0,1.2032,1.045,0.0,0,0,0.9016,0.4861,0.0642,26.34,4.76,4.3,1.0948,0.0,64.0,3.9,1.6337,0.0,38.0,3.96,0.86,0.5827,0.35,0.3316,2.24,1.34,0.72,0.977,0.0,4.0,1.34,0.977,0.0,4.0,1.34,0,0.5535,0.3879,0.1936,4.8,2.02,1.12,1.2328,0.0,8.0,1.96,1.2394,0.0,8.0,1.96,0.04,0.6561,9.0508,62
13928,2.4,1.8,0.5,18,4,2,5,0.8,False,10,True,0.08,TEAM,TEAM,5,5,0.4901,0.0688,18.98,3.16,3.26,2.3113,0.0,24.0,3.12,2.1711,0.0,22.0,3.12,0.76,1.0126,0.6624,0.2121,4.24,1.18,2.22,1.409,0.897,0.0,1.18,1.409,0.897,0.0,1.18,0,0.9032,0.68,0.4712,0.9,0,0.9,1.1227,1.0,0.0,0,1.1227,1.0,0.0,0,0,0.7653,0.4163,0.0735,22.34,4.7,2.92,0.7075,0.0,72.0,4.04,1.698,0.0,38.0,4,0.86,0.5939,0.2763,0.3092,2.46,1.7,0.64,0.9243,0.0,6.0,1.7,0.9243,0.0,6.0,1.7,0,0.485,0.3326,0.1619,4.5,2.18,1.08,1.2232,0.0,6.0,2.16,1.2393,0.0,6.0,2.16,0.06,0.6594,8.5644,50
17690,2.6,1.8,0.5,12,3,2,5,0.8,False,10,True,0.08,TEAM,TEAM,5,5,0.5582,0.0817,17.98,2.52,4,2.5365,0.0,10.0,2.52,2.5848,0.0,2.0,2.52,0.98,1.4399,0.5537,0.3452,2.42,0.94,1.26,1.218,0.533,0.0,0.94,1.2225,0.533,0.0,0.94,0.02,0.7774,0.48,0.5047,0.66,0,0.66,1.1045,1.0,0.0,0,1.1045,1.0,0.0,0,0,0.6963,0.4108,0.0945,17.5,4.98,2.98,1.2296,0.0,66.0,3.84,1.3663,0.0,52.0,3.86,0.52,0.2864,0.3267,0.4222,1.48,0.94,0.46,1.019,0.533,0.0,0.94,1.019,0.533,0.0,0.94,0,0.6075,0.3174,0.2094,3.72,1.88,0.94,1.2288,0.0,4.0,1.88,1.2389,0.0,4.0,1.88,0.04,0.6747,8.536,40
8992,2.2,1.6,0.5,15,3,2,3,0.6,False,10,True,0.08,TEAM,TEAM,5,5,0.5943,0.0657,21.48,2.44,4.9,2.6187,0.0,6.0,2.42,2.5188,0.0,6.0,2.42,0.94,1.3777,0.535,0.3132,3,1.18,1.42,1.1721,0.8,0.0,1.18,1.1721,0.8,0.0,1.18,0,0.7465,1.0,0.0,1.92,0,1.92,1.1794,1.045,0.0,0,1.1794,1.045,0.0,0,0,0.8897,0.4746,0.0819,21.04,4.42,4.22,1.4792,0.0,48.0,3.62,1.5832,0.0,40.0,3.64,0.66,0.534,0.2983,0.3483,1.8,1.1,0.64,0.9745,0.533,0.0,1.1,0.9745,0.533,0.0,1.1,0,0.5767,0.3837,0.1869,4.48,1.8,1.16,1.2298,0.0,2.0,1.8,1.2388,0.0,2.0,1.8,0.04,0.7145,8.6668,51
10940,2.2,2.0,0.5,15,3,2,5,0.8,False,10,True,0.08,TEAM,TEAM,5,5,0.5417,0.0947,18.4,2.46,3.36,2.4783,0.0,10.0,2.44,2.4632,0.0,8.0,2.44,0.9,1.3141,0.571,0.2856,3.3,1.18,1.68,1.1979,0.533,0.0,1.18,1.1979,0.533,0.0,1.18,0,0.7702,0.68,0.4712,0.92,0,0.92,1.1143,1.0,0.0,0,1.1143,1.0,0.0,0,0,0.7611,0.4311,0.0993,18.08,4.42,3.1,0.815,0.0,52.0,3.68,0.956,0.0,52.0,3.68,0.4,0.0873,0.245,0.3253,2.08,1.46,0.5,0.8966,0.0,6.0,1.44,0.8966,0.0,6.0,1.44,0,0.4618,0.3918,0.1539,4.56,1.72,1.12,1.2322,0.533,0.0,1.72,1.2366,0.533,0.0,1.72,0.02,0.7358,7.8646,45
18698,2.6,2.0,0.5,15,2,2,5,0.8,False,10,True,0.08,TEAM,TEAM,5,5,0.5,0.094,14.16,2.82,3.38,2.078,0.0,18.0,2.78,2.2707,0.0,10.0,2.8,0.9,1.1853,0.6127,0.376,2.06,0.74,1.24,1.1804,0.8,0.0,0.74,1.1804,0.8,0.0,0.74,0,0.774,0.62,0.4903,0.82,0,0.82,1.126,1.0,0.0,0,1.126,1.0,0.0,0,0,0.749,0.3208,0.124,12.88,5.62,1.98,0.5464,0.0,78.0,4.08,0.747,0.0,66.0,4.06,0.3,-0.1903,0.2183,0.3614,1.1,0.74,0.34,0.9867,0.533,0.0,0.74,0.9867,0.533,0.0,0.74,0,0.5588,0.3172,0.2076,2.9,1.54,0.78,1.2311,0.533,0.0,1.54,1.2366,0.533,0.0,1.54,0.02,0.7135,7.5474,31
4172,2.0,1.4,0.5,18,2,2,5,0.8,False,10,True,0.08,TEAM,TEAM,5,5,0.5009,0.0831,15.58,2.9,3.2,1.4554,0.0,22.0,2.78,1.5534,0.0,20.0,2.78,0.42,0.727,0.714,0.26,2.86,0.72,1.92,1.1415,0.8,0.0,0.72,1.1415,0.8,0.0,0.72,0,0.7849,1.0,0.0,2.94,0,2.94,1.1738,1.073,0.0,0,1.1738,1.073,0.0,0,0,0.8869,0.425,0.1118,14.28,4.32,2.76,0.7948,0.0,48.0,3.66,0.8179,0.0,48.0,3.66,0.16,0.0565,0.3313,0.42,1.42,0.76,0.56,0.9889,0.533,0.0,0.76,0.9889,0.533,0.0,0.76,0,0.5938,0.4334,0.1871,3.62,1.42,1.2,1.2363,0.8,0.0,1.42,1.2363,0.8,0.0,1.42,0,0.7482,6.9118,37
8038,2.2,1.4,0.5,15,4,2,3,0.6,False,10,True,0.08,TEAM,TEAM,5,5,0.632,0.073,23.22,2.34,5.58,2.7634,0.0,12.0,2.26,2.5805,0.0,12.0,2.26,0.9,1.3598,0.649,0.2688,3.7,1.04,1.88,1.2491,0.533,0.0,1.04,1.2491,0.533,0.0,1.04,0,0.8193,1.0,0.0,3.4,0,3.4,1.2439,1.073,0.0,0,1.2439,1.073,0.0,0,0,0.922,0.4837,0.0668,26.34,4.82,4.28,1.3335,0.0,68.0,3.9,2.1202,0.0,40.0,3.86,0.94,0.8052,0.3317,0.3308,2.94,1.82,0.8,0.8904,0.0,8.0,1.8,0.8904,0.0,8.0,1.8,0,0.4647,0.373,0.1886,4.72,1.98,1.18,1.2314,0.0,6.0,1.98,1.2345,0.0,6.0,1.98,0.04,0.6691,9.3186,61
15746,2.6,1.4,0.5,12,3,2,5,0.8,False,10,True,0.08,TEAM,TEAM,5,5,0.5779,0.0774,18.88,2.8,3.72,2.0739,0.0,16.0,2.8,2.1047,0.0,14.0,2.8,0.7,1.0857,0.7,0.2735,2.92,0.76,1.84,1.2216,0.532,0.0,0.76,1.2216,0.532,0.0,0.76,0,0.8208,1.0,0.0,2.68,0,2.68,1.1849,1.073,0.0,0,1.1849,1.073,0.0,0,0,0.8924,0.3975,0.1027,17.22,4.94,2.86,0.8757,0.0,62.0,3.94,1.1971,0.0,50.0,3.94,0.54,0.2178,0.2523,0.375,1.26,0.84,0.42,0.9761,0.0,2.0,0.84,0.9761,0.0,2.0,0.84,0,0.5437,0.2896,0.1734,3.6,2.04,0.86,1.2236,0.0,2.0,2.04,1.2335,0.0,2.0,2.04,0.04,0.6836,7.9179,43
284,1.8,1.4,0.5,18,2,2,5,0.8,False,10,True,0.08,TEAM,TEAM,5,5,0.5725,0.0997,16.52,2.56,4.2,1.498,0.0,12.0,2.5,1.5646,0.0,10.0,2.5,0.26,0.854,0.72,0.2712,3.18,0.8,2.12,1.1816,0.8,0.0,0.8,1.1816,0.8,0.0,0.8,0,0.8068,1.0,0.0,3.46,0,3.46,1.2345,1.073,0.0,0,1.2345,1.073,0.0,0,0,0.9172,0.4708,0.1012,15.22,3.64,2.86,0.8582,0.0,40.0,3.36,0.8787,0.0,40.0,3.36,0.06,0.1806,0.3687,0.3878,1.74,1,0.64,0.9795,0.533,0.0,1,0.9795,0.533,0.0,1,0,0.6004,0.454,0.1773,4.52,1.7,1.42,1.2291,0.8,0.0,1.7,1.2335,0.8,0.0,1.7,0.02,0.753,7.0724,42
5033,2.0,1.6,0.5,12,2,2,3,0.8,False,10,True,0.08,TEAM,TEAM,5,5,0.6063,0.0836,16.4,1.94,4.66,2.0241,0.0,0.0,1.94,2.1691,0.0,0.0,1.94,0.8,1.2664,0.7433,0.2735,2.8,0.66,1.96,1.1778,0.8,0.0,0.66,1.1778,0.8,0.0,0.66,0,0.8119,1.0,0.0,2.26,0,2.26,1.1835,1.045,0.0,0,1.1835,1.045,0.0,0,0,0.8918,0.4812,0.1037,17.02,4.58,3.62,0.8114,0.0,54.0,3.62,1.0035,0.0,48.0,3.62,0.4,0.1661,0.4067,0.4221,1.58,0.82,0.68,1.0109,0.8,0.0,0.82,1.0109,0.8,0.0,0.82,0,0.6275,0.4559,0.2025,4.06,1.48,1.34,1.2323,0.8,0.0,1.48,1.2323,0.8,0.0,1.48,0,0.7529,7.7771,42
15815,2.6,1.4,0.5,15,4,2,3,0.8,False,10,True,0.08,TEAM,TEAM,5,5,0.6053,0.0619,22.4,2.8,5.36,2.3653,0.0,16.0,2.8,2.5565,0.0,8.0,2.8,0.96,1.3798,0.6573,0.1771,4.08,1.08,2.24,1.3724,0.598,0.0,1.08,1.3724,0.598,0.0,1.08,0,0.8834,1.0,0.0,2.98,0,2.98,1.1815,1.073,0.0,0,1.1815,1.073,0.0,0,0,0.8907,0.4306,0.0626,24.66,5.86,4.04,0.3984,0.0,86.0,4,1.79,0.0,44.0,4,0.86,0.5842,0.3027,0.3045,2.4,1.56,0.72,0.9916,0.0,2.0,1.56,0.9916,0.0,2.0,1.56,0,0.5666,0.267,0.1953,4.02,2,0.84,1.1967,0.0,2.0,2,1.2297,0.0,2.0,2,0.1,0.6749,9.1217,58
7031,2.0,2.0,0.5,15,2,2,3,0.8,False,10,True,0.08,TEAM,TEAM,5,5,0.5667,0.0925,15.44,2.02,3.88,1.7348,0.0,8.0,2.02,1.8452,0.0,8.0,2.02,0.58,1.0126,0.7383,0.2625,2.8,0.62,1.92,1.2014,0.933,0.0,0.62,1.2014,0.933,0.0,0.62,0,0.8222,0.78,0.4185,1.3,0,1.3,1.1354,1.0,0.0,0,1.1354,1.0,0.0,0,0,0.8017,0.4291,0.0907,16.02,4.56,2.66,0.7165,0.0,54.0,3.62,0.8539,0.0,52.0,3.62,0.32,0.0357,0.515,0.3965,1.78,0.74,0.96,1.0434,0.581,0.0,0.74,1.0434,0.581,0.0,0.74,0,0.6762,0.4907,0.1976,4.24,1.5,1.56,1.2293,0.0,2.0,1.5,1.2293,0.0,2.0,1.5,0,0.7419,7.3086,39
5176,2.0,1.6,0.5,18,4,2,3,0.6,False,10,True,0.08,TEAM,TEAM,5,5,0.5834,0.0703,21.54,2.22,4.32,2.4384,0.0,4.0,2.22,2.4257,0.0,4.0,2.22,0.92,1.3479,0.6531,0.2738,4.16,1.24,2.4,1.2797,0.574,0.0,1.24,1.2797,0.574,0.0,1.24,0,0.8358,1.0,0.0,3.12,0,3.12,1.2441,1.045,0.0,0,1.2441,1.045,0.0,0,0,0.9221,0.5136,0.0773,26.06,4.58,4.34,1.1211,0.0,66.0,3.76,1.3768,0.0,50.0,3.76,0.54,0.3425,0.4173,0.3384,2.92,1.38,1.06,1.0237,0.533,0.0,1.38,1.0237,0.533,0.0,1.38,0,0.637,0.4533,0.1741,5.38,1.76,1.58,1.2292,0.0,2.0,1.76,1.2292,0.0,2.0,1.76,0,0.7306,8.5792,61
11756,2.4,1.4,None,15,4,1,3,0.8,False,10,True,0.08,TEAM,TEAM,5,5,0.5283,0.0698,21.32,3.7,4.06,1.4446,0.0,48.0,3.52,1.4248,0.0,44.0,3.52,0.56,0.4309,0.6507,0.18,4.44,1.1,2.4,1.4082,0.963,0.0,1.1,1.4082,0.963,0.0,1.1,0,0.8993,1.0,0.0,2.98,0,2.98,1.2137,1.073,0.0,0,1.2137,1.073,0.0,0,0,0.9068,0.5001,0.0548,23.18,4.2,3.16,2.1787,0.0,40.0,3.68,1.9141,0.0,36.0,3.68,0.8,0.7471,0.2467,0.323,1.86,1.3,0.46,0.9736,0.533,0.0,1.3,0.9736,0.533,0.0,1.3,0,0.5608,0.3547,0.1708,4.18,2.26,1.04,1.2067,0.0,2.0,2.26,1.2283,0.0,2.0,2.26,0.08,0.7006,8.1627,55
9067,2.2,1.6,0.5,18,4,2,5,0.6,False,10,True,0.08,TEAM,TEAM,5,5,0.564,0.097,19.86,2.42,3.64,2.5876,0.0,10.0,2.36,2.4491,0.0,10.0,2.36,0.9,1.2937,0.519,0.2445,3.56,1.38,1.5,1.2436,0.579,0.0,1.38,1.2436,0.579,0.0,1.38,0,0.7775,0.995,0.0354,2.1,0.02,2.06,1.2179,1.045,0.0,0.02,1.2179,1.045,0.0,0.02,0,0.9074,0.4442,0.0887,23.04,5.18,3.36,1.057,0.0,70.0,3.88,1.4078,0.0,52.0,3.9,0.64,0.3172,0.2803,0.2819,2.86,1.9,0.74,0.9238,0.0,4.0,1.9,0.9238,0.0,4.0,1.9,0,0.506,0.3788,0.1765,4.94,1.98,1.3,1.2187,0.0,2.0,1.98,1.2277,0.0,2.0,1.98,0.04,0.7075,8.4699,53
6044,2.0,1.8,0.5,12,4,2,5,0.8,False,10,True,0.08,TEAM,TEAM,5,5,0.559,0.0855,20.1,2.78,3.88,2.0857,0.0,18.0,2.72,2.1291,0.0,16.0,2.74,0.78,1.0723,0.7525,0.2015,4.5,0.98,2.9,1.3269,0.874,0.0,0.98,1.3269,0.874,0.0,0.98,0,0.8892,0.95,0.2082,1.7,0.02,1.68,1.1921,1.0,0.0,0.02,1.1921,1.0,0.0,0.02,0,0.881,0.4821,0.1037,23.18,4.4,3.7,1.0447,0.0,52.0,3.8,1.3163,0.0,46.0,3.78,0.52,0.3428,0.4697,0.3093,3.36,1.54,1.28,1.0638,0.0,4.0,1.54,1.0638,0.0,4.0,1.54,0,0.6328,0.412,0.179,5.48,1.86,1.34,1.2275,0.533,0.0,1.86,1.2275,0.533,0.0,1.86,0,0.7373,8.2557,56
18029,2.6,1.8,0.6,12,4,2,3,0.8,False,10,True,0.08,TEAM,TEAM,5,5,0.5432,0.0692,21.06,2.76,4.36,2.8423,0.0,12.0,2.72,2.7315,0.0,8.0,2.72,1,1.4487,0.7597,0.1634,4.14,0.82,2.36,1.4022,1.072,0.0,0.82,1.4022,1.072,0.0,0.82,0,0.929,0.46,0.5035,0.56,0,0.56,1.0816,1.0,0.0,0,1.0816,1.0,0.0,0,0,0.6788,0.4818,0.055,26.58,4.76,4.14,1.7396,0.0,60.0,4.12,2.198,0.0,42.0,4.1,0.94,0.8235,0.2417,0.3368,1.34,0.92,0.42,0.9935,0.607,0.0,0.92,0.9935,0.607,0.0,0.92,0,0.5693,0.3917,0.2081,3.54,1.88,1.04,1.209,0.0,4.0,1.88,1.2273,0.0,4.0,1.88,0.06,0.6912,9.6341,55
8959,2.2,1.6,0.5,12,4,2,5,0.6,False,10,True,0.08,TEAM,TEAM,5,5,0.5722,0.0795,19.28,2.5,3.72,2.3753,0.0,16.0,2.42,2.2879,0.0,16.0,2.42,0.82,1.1556,0.554,0.2449,3.68,1.34,1.54,1.2211,0.533,0.0,1.34,1.2211,0.533,0.0,1.34,0,0.7768,0.9933,0.0471,2.18,0.02,2.14,1.2288,1.045,0.0,0.02,1.2288,1.045,0.0,0.02,0,0.9124,0.4416,0.0866,22.68,4.8,3.36,1.0839,0.0,64.0,3.86,1.4549,0.0,46.0,3.86,0.66,0.3999,0.3047,0.2768,2.82,1.76,0.74,0.9213,0.0,10.0,1.72,0.9213,0.0,10.0,1.72,0,0.4521,0.3817,0.1733,4.9,2,1.34,1.2212,0.0,4.0,2,1.2255,0.0,4.0,2,0.02,0.6873,8.3395,52
15836,2.6,1.4,0.5,18,2,2,5,0.8,False,10,True,0.08,TEAM,TEAM,5,5,0.5119,0.0878,15.4,3.56,3.92,1.2312,0.0,42.0,3.38,1.6558,0.0,24.0,3.4,0.7,0.7415,0.524,0.3394,2.4,0.78,1.28,1.1777,0.8,0.0,0.78,1.1777,0.8,0.0,0.78,0,0.746,1.0,0.0,2.72,0,2.72,1.1931,1.073,0.0,0,1.1931,1.073,0.0,0,0,0.8965,0.3328,0.1291,12.54,5.08,2.1,0.6993,0.0,62.0,3.9,0.8633,0.0,56.0,3.92,0.36,-0.0285,0.35,0.4445,0.92,0.48,0.44,1.0238,0.533,0.0,0.48,1.0238,0.533,0.0,0.48,0,0.6169,0.3557,0.2293,2.86,1.48,0.92,1.2189,0.533,0.0,1.48,1.2248,0.533,0.0,1.48,0.02,0.7191,7.1385,33
1008,1.8,1.6,None,12,4,1,3,0.4,False,10,True,0.08,TEAM,TEAM,5,5,0.5912,0.0792,21.88,2.36,4.22,1.9359,0.0,6.0,2.34,2.0307,0.0,6.0,2.34,0.68,1.1327,0.7887,0.1806,4.84,0.98,2.82,1.3,0.576,0.0,0.98,1.3,0.576,0.0,0.98,0,0.8866,1.0,0.0,2.92,0,2.92,1.1965,1.045,0.0,0,1.1965,1.045,0.0,0,0,0.8982,0.5357,0.0658,26.38,3.5,4.18,1.5839,0.0,38.0,3.32,1.6827,0.0,30.0,3.36,0.64,0.7021,0.4047,0.3125,3.14,1.72,1.06,0.8797,0.0,10.0,1.7,0.8797,0.0,10.0,1.7,0,0.4613,0.5022,0.1767,5.88,2.1,1.92,1.2236,0.0,2.0,2.08,1.2236,0.0,2.0,2.08,0,0.7425,8.3132,61
10901,2.2,2.0,0.5,12,4,2,3,0.8,False,10,True,0.08,TEAM,TEAM,5,5,0.5403,0.07,21.4,2.94,3.44,2.3075,0.0,18.0,2.9,2.4553,0.0,16.0,2.9,0.9,1.2297,0.773,0.1801,4.52,0.9,2.76,1.3665,0.576,0.0,0.9,1.3665,0.576,0.0,0.9,0,0.9152,0.82,0.3881,1.12,0,1.12,1.1482,1.0,0.0,0,1.1482,1.0,0.0,0,0,0.8201,0.4543,0.0638,25.14,5.02,3.42,1.0948,0.0,70.0,3.98,1.5329,0.0,48.0,3.98,0.72,0.4227,0.3453,0.3068,2.52,1.5,0.82,0.9364,0.0,6.0,1.46,0.9364,0.0,6.0,1.46,0,0.5118,0.4166,0.1858,4.68,1.76,1.2,1.2235,0.0,2.0,1.76,1.2235,0.0,2.0,1.76,0,0.7167,8.6628,57
5122,2.0,1.6,0.5,15,4,2,3,0.6,False,10,True,0.08,TEAM,TEAM,5,5,0.5914,0.0564,22.84,2.16,4.14,2.5577,0.0,4.0,2.16,2.4995,0.0,4.0,2.16,0.92,1.3872,0.622,0.2481,3.98,1.2,1.88,1.2424,0.8,0.0,1.2,1.2424,0.8,0.0,1.2,0,0.8078,1.0,0.0,2.94,0,2.94,1.2244,1.045,0.0,0,1.2244,1.045,0.0,0,0,0.9122,0.5187,0.0715,26.02,4.42,4.5,1.0162,0.0,56.0,3.84,1.6319,0.0,38.0,3.8,0.72,0.5916,0.4062,0.3299,2.92,1.58,0.98,1.033,0.533,0.0,1.58,1.033,0.533,0.0,1.58,0,0.6384,0.3922,0.1773,5.3,1.9,1.26,1.2156,0.0,2.0,1.9,1.2225,0.0,2.0,1.9,0.04,0.7089,8.8537,60
