# league	bet_key	samples	success	fail	success_rate	matches	ht_matches	avg_ft_goals	avg_ht_goals	goals_0	goals_1	goals_2	goals_3	goals_4_plus	rate_o05_ft	rate_o15_ft	rate_o25_ft	rate_o35_ft	rate_exact_2	rate_exact_3	home_scored_rate	away_scored_rate	btts_rate	home_win_rate	draw_rate	away_win_rate	rate_ht05	rate_ht15	rate_ht_home_lead	rate_ht_draw	rate_ht_away_lead	rate_ht1x_home
taça de portugal	HT1X_HOME	6	6	0	1.000000	6	6	2.500000	1.000000	0	2	1	1	2	1.000000	0.666667	0.500000	0.333333	0.166667	0.166667	1.000000	0.666667	0.666667	0.666667	0.333333	0.000000	0.833333	0.166667	0.666667	0.333333	0.000000	1.000000
taça de portugal	TEAM1_SCORE_FT	6	6	0	1.000000	6	6	2.500000	1.000000	0	2	1	1	2	1.000000	0.666667	0.500000	0.333333	0.166667	0.166667	1.000000	0.666667	0.666667	0.666667	0.333333	0.000000	0.833333	0.166667	0.666667	0.333333	0.000000	1.000000
dfb pokal	HT1X_HOME	4	4	0	1.000000	4	4	2.500000	0.250000	0	0	2	2	0	1.000000	1.000000	0.500000	0.000000	0.500000	0.500000	0.750000	0.500000	0.250000	0.500000	0.250000	0.250000	0.250000	0.000000	0.250000	0.750000	0.000000	1.000000
dfb pokal	O15_FT	4	4	0	1.000000	4	4	2.500000	0.250000	0	0	2	2	0	1.000000	1.000000	0.500000	0.000000	0.500000	0.500000	0.750000	0.500000	0.250000	0.500000	0.250000	0.250000	0.250000	0.000000	0.250000	0.750000	0.000000	1.000000
schweizer cup	HT05	4	4	0	1.000000	4	4	4.000000	1.500000	0	0	0	3	1	1.000000	1.000000	1.000000	0.250000	0.000000	0.750000	1.000000	1.000000	1.000000	0.750000	0.000000	0.250000	1.000000	0.500000	0.500000	0.250000	0.250000	0.750000
schweizer cup	O15_FT	4	4	0	1.000000	4	4	4.000000	1.500000	0	0	0	3	1	1.000000	1.000000	1.000000	0.250000	0.000000	0.750000	1.000000	1.000000	1.000000	0.750000	0.000000	0.250000	1.000000	0.500000	0.500000	0.250000	0.250000	0.750000
schweizer cup	TEAM1_SCORE_FT	4	4	0	1.000000	4	4	4.000000	1.500000	0	0	0	3	1	1.000000	1.000000	1.000000	0.250000	0.000000	0.750000	1.000000	1.000000	1.000000	0.750000	0.000000	0.250000	1.000000	0.500000	0.500000	0.250000	0.250000	0.750000
schweizer cup	TEAM2_SCORE_FT	4	4	0	1.000000	4	4	4.000000	1.500000	0	0	0	3	1	1.000000	1.000000	1.000000	0.250000	0.000000	0.750000	1.000000	1.000000	1.000000	0.750000	0.000000	0.250000	1.000000	0.500000	0.500000	0.250000	0.250000	0.750000
taça da liga	HT05	2	2	0	1.000000	2	2	3.500000	1.500000	0	0	0	1	1	1.000000	1.000000	1.000000	0.500000	0.000000	0.500000	1.000000	1.000000	1.000000	0.500000	0.000000	0.500000	1.000000	0.500000	0.000000	0.000000	1.000000	0.000000
taça da liga	O15_FT	2	2	0	1.000000	2	2	3.500000	1.500000	0	0	0	1	1	1.000000	1.000000	1.000000	0.500000	0.000000	0.500000	1.000000	1.000000	1.000000	0.500000	0.000000	0.500000	1.000000	0.500000	0.000000	0.000000	1.000000	0.000000
taça da liga	TEAM1_SCORE_FT	2	2	0	1.000000	2	2	3.500000	1.500000	0	0	0	1	1	1.000000	1.000000	1.000000	0.500000	0.000000	0.500000	1.000000	1.000000	1.000000	0.500000	0.000000	0.500000	1.000000	0.500000	0.000000	0.000000	1.000000	0.000000
taça da liga	TEAM2_SCORE_FT	2	2	0	1.000000	2	2	3.500000	1.500000	0	0	0	1	1	1.000000	1.000000	1.000000	0.500000	0.000000	0.500000	1.000000	1.000000	1.000000	0.500000	0.000000	0.500000	1.000000	0.500000	0.000000	0.000000	1.000000	0.000000
super league switzerland	TEAM1_SCORE_FT	61	56	5	0.918033	61	61	3.344262	1.360656	3	4	13	20	21	0.950820	0.885246	0.672131	0.344262	0.213115	0.327869	0.918033	0.803279	0.770492	0.409836	0.295082	0.295082	0.754098	0.377049	0.360656	0.377049	0.262295	0.737705
uefa champions league	O15_FT	60	54	6	0.900000	60	60	3.633333	1.650000	2	4	14	13	27	0.966667	0.900000	0.666667	0.450000	0.233333	0.216667	0.883333	0.716667	0.633333	0.533333	0.150000	0.316667	0.716667	0.600000	0.383333	0.450000	0.166667	0.833333
super league switzerland	O15_FT	61	54	7	0.885246	61	61	3.344262	1.360656	3	4	13	20	21	0.950820	0.885246	0.672131	0.344262	0.213115	0.327869	0.918033	0.803279	0.770492	0.409836	0.295082	0.295082	0.754098	0.377049	0.360656	0.377049	0.262295	0.737705
scottish cup	TEAM1_SCORE_FT	26	23	3	0.884615	26	26	2.884615	1.192308	2	2	8	7	7	0.923077	0.846154	0.538462	0.269231	0.307692	0.269231	0.884615	0.576923	0.538462	0.538462	0.269231	0.192308	0.653846	0.346154	0.423077	0.423077	0.153846	0.846154
uefa champions league	TEAM1_SCORE_FT	60	53	7	0.883333	60	60	3.633333	1.650000	2	4	14	13	27	0.966667	0.900000	0.666667	0.450000	0.233333	0.216667	0.883333	0.716667	0.633333	0.533333	0.150000	0.316667	0.716667	0.600000	0.383333	0.450000	0.166667	0.833333
bundesliga	TEAM1_SCORE_FT	94	83	11	0.882979	94	94	3.170213	1.351064	3	11	20	24	36	0.968085	0.851064	0.638298	0.382979	0.212766	0.255319	0.882979	0.723404	0.638298	0.478723	0.265957	0.255319	0.765957	0.382979	0.414894	0.393617	0.191489	0.808511
eredivisie	TEAM1_SCORE_FT	83	73	10	0.879518	83	83	3.096386	1.469880	4	8	18	20	33	0.951807	0.855422	0.638554	0.397590	0.216867	0.240964	0.879518	0.771084	0.698795	0.409639	0.301205	0.289157	0.734940	0.469880	0.373494	0.385542	0.240964	0.759036
belgian cup	HT05	8	7	1	0.875000	8	8	2.250000	1.500000	1	2	2	1	2	0.875000	0.625000	0.375000	0.250000	0.250000	0.125000	0.500000	0.625000	0.250000	0.500000	0.125000	0.375000	0.875000	0.625000	0.250000	0.375000	0.375000	0.625000
eredivisie	O15_FT	83	71	12	0.855422	83	83	3.096386	1.469880	4	8	18	20	33	0.951807	0.855422	0.638554	0.397590	0.216867	0.240964	0.879518	0.771084	0.698795	0.409639	0.301205	0.289157	0.734940	0.469880	0.373494	0.385542	0.240964	0.759036
2. bundesliga	TEAM1_SCORE_FT	75	64	11	0.853333	75	75	2.973333	1.373333	5	8	18	19	25	0.933333	0.826667	0.586667	0.333333	0.240000	0.253333	0.853333	0.773333	0.693333	0.400000	0.320000	0.280000	0.720000	0.346667	0.346667	0.373333	0.280000	0.720000
bundesliga	O15_FT	94	80	14	0.851064	94	94	3.170213	1.351064	3	11	20	24	36	0.968085	0.851064	0.638298	0.382979	0.212766	0.255319	0.882979	0.723404	0.638298	0.478723	0.265957	0.255319	0.765957	0.382979	0.414894	0.393617	0.191489	0.808511
superligaen	TEAM2_SCORE_FT	47	40	7	0.851064	47	47	2.765957	1.212766	2	9	9	12	15	0.957447	0.765957	0.574468	0.319149	0.191489	0.255319	0.765957	0.851064	0.659574	0.319149	0.297872	0.382979	0.659574	0.361702	0.170213	0.446809	0.382979	0.617021
scottish cup	HT1X_HOME	26	22	4	0.846154	26	26	2.884615	1.192308	2	2	8	7	7	0.923077	0.846154	0.538462	0.269231	0.307692	0.269231	0.884615	0.576923	0.538462	0.538462	0.269231	0.192308	0.653846	0.346154	0.423077	0.423077	0.153846	0.846154
scottish cup	O15_FT	26	22	4	0.846154	26	26	2.884615	1.192308	2	2	8	7	7	0.923077	0.846154	0.538462	0.269231	0.307692	0.269231	0.884615	0.576923	0.538462	0.538462	0.269231	0.192308	0.653846	0.346154	0.423077	0.423077	0.153846	0.846154
primera a colombia	HT1X_HOME	75	63	12	0.840000	75	75	2.546667	1.106667	12	8	18	20	17	0.840000	0.733333	0.493333	0.226667	0.240000	0.266667	0.760000	0.613333	0.533333	0.466667	0.360000	0.173333	0.626667	0.346667	0.333333	0.506667	0.160000	0.840000
laliga	O15_FT	99	83	16	0.838384	99	99	2.848485	1.090909	3	13	28	27	28	0.969697	0.838384	0.555556	0.282828	0.282828	0.272727	0.818182	0.797980	0.646465	0.464646	0.272727	0.262626	0.686869	0.303030	0.373737	0.444444	0.181818	0.818182
uefa champions league	HT1X_HOME	60	50	10	0.833333	60	60	3.633333	1.650000	2	4	14	13	27	0.966667	0.900000	0.666667	0.450000	0.233333	0.216667	0.883333	0.716667	0.633333	0.533333	0.150000	0.316667	0.716667	0.600000	0.383333	0.450000	0.166667	0.833333
taça de portugal	HT05	6	5	1	0.833333	6	6	2.500000	1.000000	0	2	1	1	2	1.000000	0.666667	0.500000	0.333333	0.166667	0.166667	1.000000	0.666667	0.666667	0.666667	0.333333	0.000000	0.833333	0.166667	0.666667	0.333333	0.000000	1.000000
2. bundesliga	O15_FT	75	62	13	0.826667	75	75	2.973333	1.373333	5	8	18	19	25	0.933333	0.826667	0.586667	0.333333	0.240000	0.253333	0.853333	0.773333	0.693333	0.400000	0.320000	0.280000	0.720000	0.346667	0.346667	0.373333	0.280000	0.720000
liga portugal 2	HT1X_HOME	86	71	15	0.825581	86	86	2.406977	0.906977	9	24	12	21	20	0.895349	0.616279	0.476744	0.232558	0.139535	0.244186	0.720930	0.651163	0.476744	0.441860	0.244186	0.313953	0.581395	0.244186	0.302326	0.523256	0.174419	0.825581
fa cup	TEAM2_SCORE_FT	56	46	10	0.821429	56	56	3.535714	1.339286	1	11	6	11	27	0.982143	0.785714	0.678571	0.482143	0.107143	0.196429	0.803571	0.821429	0.642857	0.410714	0.142857	0.446429	0.785714	0.339286	0.482143	0.250000	0.267857	0.732143
coupe de france	O15_FT	28	23	5	0.821429	28	28	3.178571	1.250000	3	2	6	5	12	0.892857	0.821429	0.607143	0.428571	0.214286	0.178571	0.642857	0.714286	0.464286	0.285714	0.250000	0.464286	0.714286	0.321429	0.178571	0.392857	0.428571	0.571429
laliga	HT1X_HOME	99	81	18	0.818182	99	99	2.848485	1.090909	3	13	28	27	28	0.969697	0.838384	0.555556	0.282828	0.282828	0.272727	0.818182	0.797980	0.646465	0.464646	0.272727	0.262626	0.686869	0.303030	0.373737	0.444444	0.181818	0.818182
laliga	TEAM1_SCORE_FT	99	81	18	0.818182	99	99	2.848485	1.090909	3	13	28	27	28	0.969697	0.838384	0.555556	0.282828	0.282828	0.272727	0.818182	0.797980	0.646465	0.464646	0.272727	0.262626	0.686869	0.303030	0.373737	0.444444	0.181818	0.818182
primera división paraguay	HT1X_HOME	44	36	8	0.818182	44	44	1.954545	0.795455	6	15	13	3	7	0.863636	0.522727	0.227273	0.159091	0.295455	0.068182	0.477273	0.659091	0.272727	0.295455	0.295455	0.409091	0.454545	0.227273	0.159091	0.659091	0.181818	0.818182
liga pro ecuador	HT1X_HOME	27	22	5	0.814815	27	27	1.925926	0.851852	2	7	11	5	2	0.925926	0.666667	0.259259	0.074074	0.407407	0.185185	0.777778	0.666667	0.518519	0.407407	0.407407	0.185185	0.555556	0.222222	0.259259	0.555556	0.185185	0.814815
copa del rey	O15_FT	16	13	3	0.812500	16	16	3.187500	1.625000	0	3	3	4	6	1.000000	0.812500	0.625000	0.375000	0.187500	0.250000	0.687500	0.750000	0.437500	0.375000	0.062500	0.562500	0.625000	0.500000	0.187500	0.562500	0.250000	0.750000
bundesliga	HT1X_HOME	94	76	18	0.808511	94	94	3.170213	1.351064	3	11	20	24	36	0.968085	0.851064	0.638298	0.382979	0.212766	0.255319	0.882979	0.723404	0.638298	0.478723	0.265957	0.255319	0.765957	0.382979	0.414894	0.393617	0.191489	0.808511
mls	HT1X_HOME	47	38	9	0.808511	47	47	2.723404	1.255319	2	11	9	11	14	0.957447	0.723404	0.531915	0.297872	0.191489	0.234043	0.808511	0.574468	0.425532	0.574468	0.148936	0.276596	0.702128	0.340426	0.446809	0.361702	0.191489	0.808511
mls	TEAM1_SCORE_FT	47	38	9	0.808511	47	47	2.723404	1.255319	2	11	9	11	14	0.957447	0.723404	0.531915	0.297872	0.191489	0.234043	0.808511	0.574468	0.425532	0.574468	0.148936	0.276596	0.702128	0.340426	0.446809	0.361702	0.191489	0.808511
laliga2	TEAM1_SCORE_FT	109	88	21	0.807339	109	109	2.642202	1.275229	7	20	26	30	26	0.935780	0.752294	0.513761	0.238532	0.238532	0.275229	0.807339	0.697248	0.568807	0.486239	0.229358	0.284404	0.706422	0.357798	0.348624	0.431193	0.220183	0.779817
liga portugal	TEAM1_SCORE_FT	82	66	16	0.804878	82	82	2.817073	1.195122	6	12	13	26	25	0.926829	0.780488	0.621951	0.304878	0.158537	0.317073	0.804878	0.658537	0.536585	0.487805	0.280488	0.231707	0.670732	0.329268	0.304878	0.439024	0.256098	0.743902
ligue 2	HT1X_HOME	87	70	17	0.804598	87	87	2.275862	0.977011	14	18	17	22	16	0.839080	0.632184	0.436782	0.183908	0.195402	0.252874	0.655172	0.643678	0.459770	0.390805	0.321839	0.287356	0.597701	0.252874	0.298851	0.505747	0.195402	0.804598
fa cup	TEAM1_SCORE_FT	56	45	11	0.803571	56	56	3.535714	1.339286	1	11	6	11	27	0.982143	0.785714	0.678571	0.482143	0.107143	0.196429	0.803571	0.821429	0.642857	0.410714	0.142857	0.446429	0.785714	0.339286	0.482143	0.250000	0.267857	0.732143
premiership	TEAM1_SCORE_FT	61	49	12	0.803279	61	61	2.868852	1.278689	4	11	16	9	21	0.934426	0.754098	0.491803	0.344262	0.262295	0.147541	0.803279	0.639344	0.508197	0.475410	0.262295	0.262295	0.754098	0.344262	0.426230	0.360656	0.213115	0.786885
super league switzerland	TEAM2_SCORE_FT	61	49	12	0.803279	61	61	3.344262	1.360656	3	4	13	20	21	0.950820	0.885246	0.672131	0.344262	0.213115	0.327869	0.918033	0.803279	0.770492	0.409836	0.295082	0.295082	0.754098	0.377049	0.360656	0.377049	0.262295	0.737705
super lig	HT1X_HOME	71	57	14	0.802817	71	71	2.619718	1.126761	8	9	13	20	21	0.887324	0.760563	0.577465	0.295775	0.183099	0.281690	0.760563	0.704225	0.577465	0.408451	0.309859	0.281690	0.661972	0.352113	0.309859	0.492958	0.197183	0.802817
laliga	TEAM2_SCORE_FT	99	79	20	0.797980	99	99	2.848485	1.090909	3	13	28	27	28	0.969697	0.838384	0.555556	0.282828	0.282828	0.272727	0.818182	0.797980	0.646465	0.464646	0.272727	0.262626	0.686869	0.303030	0.373737	0.444444	0.181818	0.818182
saudi arabia	TEAM1_SCORE_FT	131	104	27	0.793893	131	131	2.969466	1.221374	5	23	30	23	50	0.961832	0.786260	0.557252	0.381679	0.229008	0.175573	0.793893	0.709924	0.541985	0.473282	0.221374	0.305344	0.717557	0.335878	0.297710	0.412214	0.290076	0.709924
serie b	TEAM1_SCORE_FT	116	92	24	0.793103	116	116	2.637931	1.198276	9	18	26	32	31	0.922414	0.767241	0.543103	0.267241	0.224138	0.275862	0.793103	0.672414	0.543103	0.422414	0.293103	0.284483	0.750000	0.370690	0.318966	0.413793	0.267241	0.732759
liga mx	TEAM1_SCORE_FT	82	65	17	0.792683	82	82	2.780488	1.317073	6	13	13	26	24	0.926829	0.768293	0.609756	0.292683	0.158537	0.317073	0.792683	0.719512	0.585366	0.451220	0.170732	0.378049	0.719512	0.378049	0.402439	0.365854	0.231707	0.768293
championship	O15_FT	163	129	34	0.791411	163	163	2.564417	1.128834	9	25	49	44	36	0.944785	0.791411	0.490798	0.220859	0.300613	0.269939	0.754601	0.693252	0.503067	0.398773	0.220859	0.380368	0.674847	0.361963	0.312883	0.435583	0.251534	0.748466
premiership	HT1X_HOME	61	48	13	0.786885	61	61	2.868852	1.278689	4	11	16	9	21	0.934426	0.754098	0.491803	0.344262	0.262295	0.147541	0.803279	0.639344	0.508197	0.475410	0.262295	0.262295	0.754098	0.344262	0.426230	0.360656	0.213115	0.786885
saudi arabia	O15_FT	131	103	28	0.786260	131	131	2.969466	1.221374	5	23	30	23	50	0.961832	0.786260	0.557252	0.381679	0.229008	0.175573	0.793893	0.709924	0.541985	0.473282	0.221374	0.305344	0.717557	0.335878	0.297710	0.412214	0.290076	0.709924
fa cup	HT05	56	44	12	0.785714	56	56	3.535714	1.339286	1	11	6	11	27	0.982143	0.785714	0.678571	0.482143	0.107143	0.196429	0.803571	0.821429	0.642857	0.410714	0.142857	0.446429	0.785714	0.339286	0.482143	0.250000	0.267857	0.732143
fa cup	O15_FT	56	44	12	0.785714	56	56	3.535714	1.339286	1	11	6	11	27	0.982143	0.785714	0.678571	0.482143	0.107143	0.196429	0.803571	0.821429	0.642857	0.410714	0.142857	0.446429	0.785714	0.339286	0.482143	0.250000	0.267857	0.732143
pro league	O15_FT	64	50	14	0.781250	64	64	2.750000	1.265625	6	8	16	16	18	0.906250	0.781250	0.531250	0.281250	0.250000	0.250000	0.687500	0.734375	0.515625	0.375000	0.218750	0.406250	0.718750	0.375000	0.296875	0.390625	0.312500	0.687500
liga portugal	O15_FT	82	64	18	0.780488	82	82	2.817073	1.195122	6	12	13	26	25	0.926829	0.780488	0.621951	0.304878	0.158537	0.317073	0.804878	0.658537	0.536585	0.487805	0.280488	0.231707	0.670732	0.329268	0.304878	0.439024	0.256098	0.743902
laliga2	HT1X_HOME	109	85	24	0.779817	109	109	2.642202	1.275229	7	20	26	30	26	0.935780	0.752294	0.513761	0.238532	0.238532	0.275229	0.807339	0.697248	0.568807	0.486239	0.229358	0.284404	0.706422	0.357798	0.348624	0.431193	0.220183	0.779817
liga pro ecuador	TEAM1_SCORE_FT	27	21	6	0.777778	27	27	1.925926	0.851852	2	7	11	5	2	0.925926	0.666667	0.259259	0.074074	0.407407	0.185185	0.777778	0.666667	0.518519	0.407407	0.407407	0.185185	0.555556	0.222222	0.259259	0.555556	0.185185	0.814815
premier league	O15_FT	106	82	24	0.773585	106	106	2.669811	1.226415	10	14	31	20	31	0.905660	0.773585	0.481132	0.292453	0.292453	0.188679	0.745283	0.745283	0.584906	0.349057	0.320755	0.330189	0.698113	0.330189	0.320755	0.386792	0.292453	0.707547
2. bundesliga	TEAM2_SCORE_FT	75	58	17	0.773333	75	75	2.973333	1.373333	5	8	18	19	25	0.933333	0.826667	0.586667	0.333333	0.240000	0.253333	0.853333	0.773333	0.693333	0.400000	0.320000	0.280000	0.720000	0.346667	0.346667	0.373333	0.280000	0.720000
serie a brazil	HT1X_HOME	44	34	10	0.772727	44	44	2.340909	1.113636	4	13	10	8	9	0.909091	0.613636	0.386364	0.204545	0.227273	0.181818	0.704545	0.636364	0.431818	0.454545	0.272727	0.272727	0.727273	0.318182	0.272727	0.500000	0.227273	0.772727
eredivisie	TEAM2_SCORE_FT	83	64	19	0.771084	83	83	3.096386	1.469880	4	8	18	20	33	0.951807	0.855422	0.638554	0.397590	0.216867	0.240964	0.879518	0.771084	0.698795	0.409639	0.301205	0.289157	0.734940	0.469880	0.373494	0.385542	0.240964	0.759036
liga mx	HT1X_HOME	82	63	19	0.768293	82	82	2.780488	1.317073	6	13	13	26	24	0.926829	0.768293	0.609756	0.292683	0.158537	0.317073	0.792683	0.719512	0.585366	0.451220	0.170732	0.378049	0.719512	0.378049	0.402439	0.365854	0.231707	0.768293
liga mx	O15_FT	82	63	19	0.768293	82	82	2.780488	1.317073	6	13	13	26	24	0.926829	0.768293	0.609756	0.292683	0.158537	0.317073	0.792683	0.719512	0.585366	0.451220	0.170732	0.378049	0.719512	0.378049	0.402439	0.365854	0.231707	0.768293
serie b	O15_FT	116	89	27	0.767241	116	116	2.637931	1.198276	9	18	26	32	31	0.922414	0.767241	0.543103	0.267241	0.224138	0.275862	0.793103	0.672414	0.543103	0.422414	0.293103	0.284483	0.750000	0.370690	0.318966	0.413793	0.267241	0.732759
uefa europa league	TEAM1_SCORE_FT	60	46	14	0.766667	60	60	2.500000	1.233333	1	20	14	10	15	0.983333	0.650000	0.416667	0.250000	0.233333	0.166667	0.766667	0.700000	0.483333	0.483333	0.216667	0.300000	0.716667	0.333333	0.300000	0.350000	0.350000	0.650000
bundesliga	HT05	94	72	22	0.765957	94	94	3.170213	1.351064	3	11	20	24	36	0.968085	0.851064	0.638298	0.382979	0.212766	0.255319	0.882979	0.723404	0.638298	0.478723	0.265957	0.255319	0.765957	0.382979	0.414894	0.393617	0.191489	0.808511
superligaen	O15_FT	47	36	11	0.765957	47	47	2.765957	1.212766	2	9	9	12	15	0.957447	0.765957	0.574468	0.319149	0.191489	0.255319	0.765957	0.851064	0.659574	0.319149	0.297872	0.382979	0.659574	0.361702	0.170213	0.446809	0.382979	0.617021
superligaen	TEAM1_SCORE_FT	47	36	11	0.765957	47	47	2.765957	1.212766	2	9	9	12	15	0.957447	0.765957	0.574468	0.319149	0.191489	0.255319	0.765957	0.851064	0.659574	0.319149	0.297872	0.382979	0.659574	0.361702	0.170213	0.446809	0.382979	0.617021
liga profesional argentina	HT1X_HOME	114	87	27	0.763158	114	114	1.736842	0.815789	26	28	28	20	12	0.771930	0.526316	0.280702	0.105263	0.245614	0.175439	0.640351	0.535088	0.403509	0.350877	0.421053	0.228070	0.561404	0.219298	0.254386	0.508772	0.236842	0.763158
serie a italia	O15_FT	109	83	26	0.761468	109	109	2.651376	1.073394	7	19	25	29	29	0.935780	0.761468	0.532110	0.266055	0.229358	0.266055	0.761468	0.678899	0.504587	0.422018	0.256881	0.321101	0.688073	0.293578	0.311927	0.412844	0.275229	0.724771
serie a italia	TEAM1_SCORE_FT	109	83	26	0.761468	109	109	2.651376	1.073394	7	19	25	29	29	0.935780	0.761468	0.532110	0.266055	0.229358	0.266055	0.761468	0.678899	0.504587	0.422018	0.256881	0.321101	0.688073	0.293578	0.311927	0.412844	0.275229	0.724771
super lig	O15_FT	71	54	17	0.760563	71	71	2.619718	1.126761	8	9	13	20	21	0.887324	0.760563	0.577465	0.295775	0.183099	0.281690	0.760563	0.704225	0.577465	0.408451	0.309859	0.281690	0.661972	0.352113	0.309859	0.492958	0.197183	0.802817
super lig	TEAM1_SCORE_FT	71	54	17	0.760563	71	71	2.619718	1.126761	8	9	13	20	21	0.887324	0.760563	0.577465	0.295775	0.183099	0.281690	0.760563	0.704225	0.577465	0.408451	0.309859	0.281690	0.661972	0.352113	0.309859	0.492958	0.197183	0.802817
primera a colombia	TEAM1_SCORE_FT	75	57	18	0.760000	75	75	2.546667	1.106667	12	8	18	20	17	0.840000	0.733333	0.493333	0.226667	0.240000	0.266667	0.760000	0.613333	0.533333	0.466667	0.360000	0.173333	0.626667	0.346667	0.333333	0.506667	0.160000	0.840000
eredivisie	HT1X_HOME	83	63	20	0.759036	83	83	3.096386	1.469880	4	8	18	20	33	0.951807	0.855422	0.638554	0.397590	0.216867	0.240964	0.879518	0.771084	0.698795	0.409639	0.301205	0.289157	0.734940	0.469880	0.373494	0.385542	0.240964	0.759036
championship	TEAM1_SCORE_FT	163	123	40	0.754601	163	163	2.564417	1.128834	9	25	49	44	36	0.944785	0.791411	0.490798	0.220859	0.300613	0.269939	0.754601	0.693252	0.503067	0.398773	0.220859	0.380368	0.674847	0.361963	0.312883	0.435583	0.251534	0.748466
premiership	HT05	61	46	15	0.754098	61	61	2.868852	1.278689	4	11	16	9	21	0.934426	0.754098	0.491803	0.344262	0.262295	0.147541	0.803279	0.639344	0.508197	0.475410	0.262295	0.262295	0.754098	0.344262	0.426230	0.360656	0.213115	0.786885
premiership	O15_FT	61	46	15	0.754098	61	61	2.868852	1.278689	4	11	16	9	21	0.934426	0.754098	0.491803	0.344262	0.262295	0.147541	0.803279	0.639344	0.508197	0.475410	0.262295	0.262295	0.754098	0.344262	0.426230	0.360656	0.213115	0.786885
super league switzerland	HT05	61	46	15	0.754098	61	61	3.344262	1.360656	3	4	13	20	21	0.950820	0.885246	0.672131	0.344262	0.213115	0.327869	0.918033	0.803279	0.770492	0.409836	0.295082	0.295082	0.754098	0.377049	0.360656	0.377049	0.262295	0.737705
laliga2	O15_FT	109	82	27	0.752294	109	109	2.642202	1.275229	7	20	26	30	26	0.935780	0.752294	0.513761	0.238532	0.238532	0.275229	0.807339	0.697248	0.568807	0.486239	0.229358	0.284404	0.706422	0.357798	0.348624	0.431193	0.220183	0.779817
serie b	HT05	116	87	29	0.750000	116	116	2.637931	1.198276	9	18	26	32	31	0.922414	0.767241	0.543103	0.267241	0.224138	0.275862	0.793103	0.672414	0.543103	0.422414	0.293103	0.284483	0.750000	0.370690	0.318966	0.413793	0.267241	0.732759
copa del rey	HT1X_HOME	16	12	4	0.750000	16	16	3.187500	1.625000	0	3	3	4	6	1.000000	0.812500	0.625000	0.375000	0.187500	0.250000	0.687500	0.750000	0.437500	0.375000	0.062500	0.562500	0.625000	0.500000	0.187500	0.562500	0.250000	0.750000
copa del rey	TEAM2_SCORE_FT	16	12	4	0.750000	16	16	3.187500	1.625000	0	3	3	4	6	1.000000	0.812500	0.625000	0.375000	0.187500	0.250000	0.687500	0.750000	0.437500	0.375000	0.062500	0.562500	0.625000	0.500000	0.187500	0.562500	0.250000	0.750000
cup	HT1X_HOME	4	3	1	0.750000	4	4	1.750000	0.750000	2	0	0	1	1	0.500000	0.500000	0.500000	0.250000	0.000000	0.250000	0.500000	0.250000	0.250000	0.250000	0.750000	0.000000	0.500000	0.250000	0.250000	0.500000	0.250000	0.750000
dfb pokal	TEAM1_SCORE_FT	4	3	1	0.750000	4	4	2.500000	0.250000	0	0	2	2	0	1.000000	1.000000	0.500000	0.000000	0.500000	0.500000	0.750000	0.500000	0.250000	0.500000	0.250000	0.250000	0.250000	0.000000	0.250000	0.750000	0.000000	1.000000
league cup	HT1X_HOME	4	3	1	0.750000	4	4	3.000000	1.000000	0	1	1	0	2	1.000000	0.750000	0.500000	0.500000	0.250000	0.000000	0.750000	0.750000	0.500000	0.500000	0.000000	0.500000	0.500000	0.250000	0.250000	0.500000	0.250000	0.750000
league cup	O15_FT	4	3	1	0.750000	4	4	3.000000	1.000000	0	1	1	0	2	1.000000	0.750000	0.500000	0.500000	0.250000	0.000000	0.750000	0.750000	0.500000	0.500000	0.000000	0.500000	0.500000	0.250000	0.250000	0.500000	0.250000	0.750000
league cup	TEAM1_SCORE_FT	4	3	1	0.750000	4	4	3.000000	1.000000	0	1	1	0	2	1.000000	0.750000	0.500000	0.500000	0.250000	0.000000	0.750000	0.750000	0.500000	0.500000	0.000000	0.500000	0.500000	0.250000	0.250000	0.500000	0.250000	0.750000
league cup	TEAM2_SCORE_FT	4	3	1	0.750000	4	4	3.000000	1.000000	0	1	1	0	2	1.000000	0.750000	0.500000	0.500000	0.250000	0.000000	0.750000	0.750000	0.500000	0.500000	0.000000	0.500000	0.500000	0.250000	0.250000	0.500000	0.250000	0.750000
schweizer cup	HT1X_HOME	4	3	1	0.750000	4	4	4.000000	1.500000	0	0	0	3	1	1.000000	1.000000	1.000000	0.250000	0.000000	0.750000	1.000000	1.000000	1.000000	0.750000	0.000000	0.250000	1.000000	0.500000	0.500000	0.250000	0.250000	0.750000
schweizer cup	TEAM1_WIN_FT	4	3	1	0.750000	4	4	4.000000	1.500000	0	0	0	3	1	1.000000	1.000000	1.000000	0.250000	0.000000	0.750000	1.000000	1.000000	1.000000	0.750000	0.000000	0.250000	1.000000	0.500000	0.500000	0.250000	0.250000	0.750000
championship	HT1X_HOME	163	122	41	0.748466	163	163	2.564417	1.128834	9	25	49	44	36	0.944785	0.791411	0.490798	0.220859	0.300613	0.269939	0.754601	0.693252	0.503067	0.398773	0.220859	0.380368	0.674847	0.361963	0.312883	0.435583	0.251534	0.748466
premier league	TEAM1_SCORE_FT	106	79	27	0.745283	106	106	2.669811	1.226415	10	14	31	20	31	0.905660	0.773585	0.481132	0.292453	0.292453	0.188679	0.745283	0.745283	0.584906	0.349057	0.320755	0.330189	0.698113	0.330189	0.320755	0.386792	0.292453	0.707547
premier league	TEAM2_SCORE_FT	106	79	27	0.745283	106	106	2.669811	1.226415	10	14	31	20	31	0.905660	0.773585	0.481132	0.292453	0.292453	0.188679	0.745283	0.745283	0.584906	0.349057	0.320755	0.330189	0.698113	0.330189	0.320755	0.386792	0.292453	0.707547
liga portugal	HT1X_HOME	82	61	21	0.743902	82	82	2.817073	1.195122	6	12	13	26	25	0.926829	0.780488	0.621951	0.304878	0.158537	0.317073	0.804878	0.658537	0.536585	0.487805	0.280488	0.231707	0.670732	0.329268	0.304878	0.439024	0.256098	0.743902
super league switzerland	HT1X_HOME	61	45	16	0.737705	61	61	3.344262	1.360656	3	4	13	20	21	0.950820	0.885246	0.672131	0.344262	0.213115	0.327869	0.918033	0.803279	0.770492	0.409836	0.295082	0.295082	0.754098	0.377049	0.360656	0.377049	0.262295	0.737705
eredivisie	HT05	83	61	22	0.734940	83	83	3.096386	1.469880	4	8	18	20	33	0.951807	0.855422	0.638554	0.397590	0.216867	0.240964	0.879518	0.771084	0.698795	0.409639	0.301205	0.289157	0.734940	0.469880	0.373494	0.385542	0.240964	0.759036
pro league	TEAM2_SCORE_FT	64	47	17	0.734375	64	64	2.750000	1.265625	6	8	16	16	18	0.906250	0.781250	0.531250	0.281250	0.250000	0.250000	0.687500	0.734375	0.515625	0.375000	0.218750	0.406250	0.718750	0.375000	0.296875	0.390625	0.312500	0.687500
primera a colombia	O15_FT	75	55	20	0.733333	75	75	2.546667	1.106667	12	8	18	20	17	0.840000	0.733333	0.493333	0.226667	0.240000	0.266667	0.760000	0.613333	0.533333	0.466667	0.360000	0.173333	0.626667	0.346667	0.333333	0.506667	0.160000	0.840000
serie b	HT1X_HOME	116	85	31	0.732759	116	116	2.637931	1.198276	9	18	26	32	31	0.922414	0.767241	0.543103	0.267241	0.224138	0.275862	0.793103	0.672414	0.543103	0.422414	0.293103	0.284483	0.750000	0.370690	0.318966	0.413793	0.267241	0.732759
fa cup	HT1X_HOME	56	41	15	0.732143	56	56	3.535714	1.339286	1	11	6	11	27	0.982143	0.785714	0.678571	0.482143	0.107143	0.196429	0.803571	0.821429	0.642857	0.410714	0.142857	0.446429	0.785714	0.339286	0.482143	0.250000	0.267857	0.732143
ligue 1	HT1X_HOME	81	59	22	0.728395	81	81	2.592593	1.172840	7	16	21	12	25	0.913580	0.716049	0.456790	0.308642	0.259259	0.148148	0.716049	0.629630	0.432099	0.444444	0.234568	0.320988	0.716049	0.283951	0.370370	0.358025	0.271605	0.728395
cymru premier league	O15_FT	44	32	12	0.727273	44	44	2.613636	1.068182	4	8	12	7	13	0.909091	0.727273	0.454545	0.295455	0.272727	0.159091	0.681818	0.727273	0.500000	0.340909	0.272727	0.386364	0.636364	0.250000	0.272727	0.431818	0.295455	0.704545
cymru premier league	TEAM2_SCORE_FT	44	32	12	0.727273	44	44	2.613636	1.068182	4	8	12	7	13	0.909091	0.727273	0.454545	0.295455	0.272727	0.159091	0.681818	0.727273	0.500000	0.340909	0.272727	0.386364	0.636364	0.250000	0.272727	0.431818	0.295455	0.704545
serie a brazil	HT05	44	32	12	0.727273	44	44	2.340909	1.113636	4	13	10	8	9	0.909091	0.613636	0.386364	0.204545	0.227273	0.181818	0.704545	0.636364	0.431818	0.454545	0.272727	0.272727	0.727273	0.318182	0.272727	0.500000	0.227273	0.772727
serie a italia	HT1X_HOME	109	79	30	0.724771	109	109	2.651376	1.073394	7	19	25	29	29	0.935780	0.761468	0.532110	0.266055	0.229358	0.266055	0.761468	0.678899	0.504587	0.422018	0.256881	0.321101	0.688073	0.293578	0.311927	0.412844	0.275229	0.724771
bundesliga	TEAM2_SCORE_FT	94	68	26	0.723404	94	94	3.170213	1.351064	3	11	20	24	36	0.968085	0.851064	0.638298	0.382979	0.212766	0.255319	0.882979	0.723404	0.638298	0.478723	0.265957	0.255319	0.765957	0.382979	0.414894	0.393617	0.191489	0.808511
mls	O15_FT	47	34	13	0.723404	47	47	2.723404	1.255319	2	11	9	11	14	0.957447	0.723404	0.531915	0.297872	0.191489	0.234043	0.808511	0.574468	0.425532	0.574468	0.148936	0.276596	0.702128	0.340426	0.446809	0.361702	0.191489	0.808511
liga portugal 2	TEAM1_SCORE_FT	86	62	24	0.720930	86	86	2.406977	0.906977	9	24	12	21	20	0.895349	0.616279	0.476744	0.232558	0.139535	0.244186	0.720930	0.651163	0.476744	0.441860	0.244186	0.313953	0.581395	0.244186	0.302326	0.523256	0.174419	0.825581
2. bundesliga	HT05	75	54	21	0.720000	75	75	2.973333	1.373333	5	8	18	19	25	0.933333	0.826667	0.586667	0.333333	0.240000	0.253333	0.853333	0.773333	0.693333	0.400000	0.320000	0.280000	0.720000	0.346667	0.346667	0.373333	0.280000	0.720000
2. bundesliga	HT1X_HOME	75	54	21	0.720000	75	75	2.973333	1.373333	5	8	18	19	25	0.933333	0.826667	0.586667	0.333333	0.240000	0.253333	0.853333	0.773333	0.693333	0.400000	0.320000	0.280000	0.720000	0.346667	0.346667	0.373333	0.280000	0.720000
liga mx	HT05	82	59	23	0.719512	82	82	2.780488	1.317073	6	13	13	26	24	0.926829	0.768293	0.609756	0.292683	0.158537	0.317073	0.792683	0.719512	0.585366	0.451220	0.170732	0.378049	0.719512	0.378049	0.402439	0.365854	0.231707	0.768293
liga mx	TEAM2_SCORE_FT	82	59	23	0.719512	82	82	2.780488	1.317073	6	13	13	26	24	0.926829	0.768293	0.609756	0.292683	0.158537	0.317073	0.792683	0.719512	0.585366	0.451220	0.170732	0.378049	0.719512	0.378049	0.402439	0.365854	0.231707	0.768293
pro league	HT05	64	46	18	0.718750	64	64	2.750000	1.265625	6	8	16	16	18	0.906250	0.781250	0.531250	0.281250	0.250000	0.250000	0.687500	0.734375	0.515625	0.375000	0.218750	0.406250	0.718750	0.375000	0.296875	0.390625	0.312500	0.687500
saudi arabia	HT05	131	94	37	0.717557	131	131	2.969466	1.221374	5	23	30	23	50	0.961832	0.786260	0.557252	0.381679	0.229008	0.175573	0.793893	0.709924	0.541985	0.473282	0.221374	0.305344	0.717557	0.335878	0.297710	0.412214	0.290076	0.709924
uefa champions league	HT05	60	43	17	0.716667	60	60	3.633333	1.650000	2	4	14	13	27	0.966667	0.900000	0.666667	0.450000	0.233333	0.216667	0.883333	0.716667	0.633333	0.533333	0.150000	0.316667	0.716667	0.600000	0.383333	0.450000	0.166667	0.833333
uefa champions league	TEAM2_SCORE_FT	60	43	17	0.716667	60	60	3.633333	1.650000	2	4	14	13	27	0.966667	0.900000	0.666667	0.450000	0.233333	0.216667	0.883333	0.716667	0.633333	0.533333	0.150000	0.316667	0.716667	0.600000	0.383333	0.450000	0.166667	0.833333
uefa europa league	HT05	60	43	17	0.716667	60	60	2.500000	1.233333	1	20	14	10	15	0.983333	0.650000	0.416667	0.250000	0.233333	0.166667	0.766667	0.700000	0.483333	0.483333	0.216667	0.300000	0.716667	0.333333	0.300000	0.350000	0.350000	0.650000
ligue 1	HT05	81	58	23	0.716049	81	81	2.592593	1.172840	7	16	21	12	25	0.913580	0.716049	0.456790	0.308642	0.259259	0.148148	0.716049	0.629630	0.432099	0.444444	0.234568	0.320988	0.716049	0.283951	0.370370	0.358025	0.271605	0.728395
ligue 1	O15_FT	81	58	23	0.716049	81	81	2.592593	1.172840	7	16	21	12	25	0.913580	0.716049	0.456790	0.308642	0.259259	0.148148	0.716049	0.629630	0.432099	0.444444	0.234568	0.320988	0.716049	0.283951	0.370370	0.358025	0.271605	0.728395
ligue 1	TEAM1_SCORE_FT	81	58	23	0.716049	81	81	2.592593	1.172840	7	16	21	12	25	0.913580	0.716049	0.456790	0.308642	0.259259	0.148148	0.716049	0.629630	0.432099	0.444444	0.234568	0.320988	0.716049	0.283951	0.370370	0.358025	0.271605	0.728395
coupe de france	HT05	28	20	8	0.714286	28	28	3.178571	1.250000	3	2	6	5	12	0.892857	0.821429	0.607143	0.428571	0.214286	0.178571	0.642857	0.714286	0.464286	0.285714	0.250000	0.464286	0.714286	0.321429	0.178571	0.392857	0.428571	0.571429
coupe de france	TEAM2_SCORE_FT	28	20	8	0.714286	28	28	3.178571	1.250000	3	2	6	5	12	0.892857	0.821429	0.607143	0.428571	0.214286	0.178571	0.642857	0.714286	0.464286	0.285714	0.250000	0.464286	0.714286	0.321429	0.178571	0.392857	0.428571	0.571429
saudi arabia	HT1X_HOME	131	93	38	0.709924	131	131	2.969466	1.221374	5	23	30	23	50	0.961832	0.786260	0.557252	0.381679	0.229008	0.175573	0.793893	0.709924	0.541985	0.473282	0.221374	0.305344	0.717557	0.335878	0.297710	0.412214	0.290076	0.709924
saudi arabia	TEAM2_SCORE_FT	131	93	38	0.709924	131	131	2.969466	1.221374	5	23	30	23	50	0.961832	0.786260	0.557252	0.381679	0.229008	0.175573	0.793893	0.709924	0.541985	0.473282	0.221374	0.305344	0.717557	0.335878	0.297710	0.412214	0.290076	0.709924
premier league	HT1X_HOME	106	75	31	0.707547	106	106	2.669811	1.226415	10	14	31	20	31	0.905660	0.773585	0.481132	0.292453	0.292453	0.188679	0.745283	0.745283	0.584906	0.349057	0.320755	0.330189	0.698113	0.330189	0.320755	0.386792	0.292453	0.707547
laliga2	HT05	109	77	32	0.706422	109	109	2.642202	1.275229	7	20	26	30	26	0.935780	0.752294	0.513761	0.238532	0.238532	0.275229	0.807339	0.697248	0.568807	0.486239	0.229358	0.284404	0.706422	0.357798	0.348624	0.431193	0.220183	0.779817
cymru premier league	HT1X_HOME	44	31	13	0.704545	44	44	2.613636	1.068182	4	8	12	7	13	0.909091	0.727273	0.454545	0.295455	0.272727	0.159091	0.681818	0.727273	0.500000	0.340909	0.272727	0.386364	0.636364	0.250000	0.272727	0.431818	0.295455	0.704545
serie a brazil	TEAM1_SCORE_FT	44	31	13	0.704545	44	44	2.340909	1.113636	4	13	10	8	9	0.909091	0.613636	0.386364	0.204545	0.227273	0.181818	0.704545	0.636364	0.431818	0.454545	0.272727	0.272727	0.727273	0.318182	0.272727	0.500000	0.227273	0.772727
super lig	TEAM2_SCORE_FT	71	50	21	0.704225	71	71	2.619718	1.126761	8	9	13	20	21	0.887324	0.760563	0.577465	0.295775	0.183099	0.281690	0.760563	0.704225	0.577465	0.408451	0.309859	0.281690	0.661972	0.352113	0.309859	0.492958	0.197183	0.802817
mls	HT05	47	33	14	0.702128	47	47	2.723404	1.255319	2	11	9	11	14	0.957447	0.723404	0.531915	0.297872	0.191489	0.234043	0.808511	0.574468	0.425532	0.574468	0.148936	0.276596	0.702128	0.340426	0.446809	0.361702	0.191489	0.808511
uefa europa league	TEAM2_SCORE_FT	60	42	18	0.700000	60	60	2.500000	1.233333	1	20	14	10	15	0.983333	0.650000	0.416667	0.250000	0.233333	0.166667	0.766667	0.700000	0.483333	0.483333	0.216667	0.300000	0.716667	0.333333	0.300000	0.350000	0.350000	0.650000
premier league	HT05	106	74	32	0.698113	106	106	2.669811	1.226415	10	14	31	20	31	0.905660	0.773585	0.481132	0.292453	0.292453	0.188679	0.745283	0.745283	0.584906	0.349057	0.320755	0.330189	0.698113	0.330189	0.320755	0.386792	0.292453	0.707547
laliga2	TEAM2_SCORE_FT	109	76	33	0.697248	109	109	2.642202	1.275229	7	20	26	30	26	0.935780	0.752294	0.513761	0.238532	0.238532	0.275229	0.807339	0.697248	0.568807	0.486239	0.229358	0.284404	0.706422	0.357798	0.348624	0.431193	0.220183	0.779817
championship	TEAM2_SCORE_FT	163	113	50	0.693252	163	163	2.564417	1.128834	9	25	49	44	36	0.944785	0.791411	0.490798	0.220859	0.300613	0.269939	0.754601	0.693252	0.503067	0.398773	0.220859	0.380368	0.674847	0.361963	0.312883	0.435583	0.251534	0.748466
czech first league	HT1X_HOME	52	36	16	0.692308	52	52	2.288462	0.980769	8	9	13	11	11	0.846154	0.673077	0.423077	0.211538	0.250000	0.211538	0.692308	0.480769	0.326923	0.442308	0.250000	0.307692	0.634615	0.269231	0.269231	0.423077	0.307692	0.692308
czech first league	TEAM1_SCORE_FT	52	36	16	0.692308	52	52	2.288462	0.980769	8	9	13	11	11	0.846154	0.673077	0.423077	0.211538	0.250000	0.211538	0.692308	0.480769	0.326923	0.442308	0.250000	0.307692	0.634615	0.269231	0.269231	0.423077	0.307692	0.692308
serie a italia	HT05	109	75	34	0.688073	109	109	2.651376	1.073394	7	19	25	29	29	0.935780	0.761468	0.532110	0.266055	0.229358	0.266055	0.761468	0.678899	0.504587	0.422018	0.256881	0.321101	0.688073	0.293578	0.311927	0.412844	0.275229	0.724771
pro league	HT1X_HOME	64	44	20	0.687500	64	64	2.750000	1.265625	6	8	16	16	18	0.906250	0.781250	0.531250	0.281250	0.250000	0.250000	0.687500	0.734375	0.515625	0.375000	0.218750	0.406250	0.718750	0.375000	0.296875	0.390625	0.312500	0.687500
pro league	TEAM1_SCORE_FT	64	44	20	0.687500	64	64	2.750000	1.265625	6	8	16	16	18	0.906250	0.781250	0.531250	0.281250	0.250000	0.250000	0.687500	0.734375	0.515625	0.375000	0.218750	0.406250	0.718750	0.375000	0.296875	0.390625	0.312500	0.687500
copa del rey	TEAM1_SCORE_FT	16	11	5	0.687500	16	16	3.187500	1.625000	0	3	3	4	6	1.000000	0.812500	0.625000	0.375000	0.187500	0.250000	0.687500	0.750000	0.437500	0.375000	0.062500	0.562500	0.625000	0.500000	0.187500	0.562500	0.250000	0.750000
laliga	HT05	99	68	31	0.686869	99	99	2.848485	1.090909	3	13	28	27	28	0.969697	0.838384	0.555556	0.282828	0.282828	0.272727	0.818182	0.797980	0.646465	0.464646	0.272727	0.262626	0.686869	0.303030	0.373737	0.444444	0.181818	0.818182
cymru premier league	TEAM1_SCORE_FT	44	30	14	0.681818	44	44	2.613636	1.068182	4	8	12	7	13	0.909091	0.727273	0.454545	0.295455	0.272727	0.159091	0.681818	0.727273	0.500000	0.340909	0.272727	0.386364	0.636364	0.250000	0.272727	0.431818	0.295455	0.704545
serie a italia	TEAM2_SCORE_FT	109	74	35	0.678899	109	109	2.651376	1.073394	7	19	25	29	29	0.935780	0.761468	0.532110	0.266055	0.229358	0.266055	0.761468	0.678899	0.504587	0.422018	0.256881	0.321101	0.688073	0.293578	0.311927	0.412844	0.275229	0.724771
championship	HT05	163	110	53	0.674847	163	163	2.564417	1.128834	9	25	49	44	36	0.944785	0.791411	0.490798	0.220859	0.300613	0.269939	0.754601	0.693252	0.503067	0.398773	0.220859	0.380368	0.674847	0.361963	0.312883	0.435583	0.251534	0.748466
czech first league	O15_FT	52	35	17	0.673077	52	52	2.288462	0.980769	8	9	13	11	11	0.846154	0.673077	0.423077	0.211538	0.250000	0.211538	0.692308	0.480769	0.326923	0.442308	0.250000	0.307692	0.634615	0.269231	0.269231	0.423077	0.307692	0.692308
serie b	TEAM2_SCORE_FT	116	78	38	0.672414	116	116	2.637931	1.198276	9	18	26	32	31	0.922414	0.767241	0.543103	0.267241	0.224138	0.275862	0.793103	0.672414	0.543103	0.422414	0.293103	0.284483	0.750000	0.370690	0.318966	0.413793	0.267241	0.732759
liga portugal	HT05	82	55	27	0.670732	82	82	2.817073	1.195122	6	12	13	26	25	0.926829	0.780488	0.621951	0.304878	0.158537	0.317073	0.804878	0.658537	0.536585	0.487805	0.280488	0.231707	0.670732	0.329268	0.304878	0.439024	0.256098	0.743902
liga pro ecuador	O15_FT	27	18	9	0.666667	27	27	1.925926	0.851852	2	7	11	5	2	0.925926	0.666667	0.259259	0.074074	0.407407	0.185185	0.777778	0.666667	0.518519	0.407407	0.407407	0.185185	0.555556	0.222222	0.259259	0.555556	0.185185	0.814815
liga pro ecuador	TEAM2_SCORE_FT	27	18	9	0.666667	27	27	1.925926	0.851852	2	7	11	5	2	0.925926	0.666667	0.259259	0.074074	0.407407	0.185185	0.777778	0.666667	0.518519	0.407407	0.407407	0.185185	0.555556	0.222222	0.259259	0.555556	0.185185	0.814815
taça de portugal	O15_FT	6	4	2	0.666667	6	6	2.500000	1.000000	0	2	1	1	2	1.000000	0.666667	0.500000	0.333333	0.166667	0.166667	1.000000	0.666667	0.666667	0.666667	0.333333	0.000000	0.833333	0.166667	0.666667	0.333333	0.000000	1.000000
taça de portugal	TEAM1_WIN_FT	6	4	2	0.666667	6	6	2.500000	1.000000	0	2	1	1	2	1.000000	0.666667	0.500000	0.333333	0.166667	0.166667	1.000000	0.666667	0.666667	0.666667	0.333333	0.000000	0.833333	0.166667	0.666667	0.333333	0.000000	1.000000
taça de portugal	TEAM2_SCORE_FT	6	4	2	0.666667	6	6	2.500000	1.000000	0	2	1	1	2	1.000000	0.666667	0.500000	0.333333	0.166667	0.166667	1.000000	0.666667	0.666667	0.666667	0.333333	0.000000	0.833333	0.166667	0.666667	0.333333	0.000000	1.000000
super lig	HT05	71	47	24	0.661972	71	71	2.619718	1.126761	8	9	13	20	21	0.887324	0.760563	0.577465	0.295775	0.183099	0.281690	0.760563	0.704225	0.577465	0.408451	0.309859	0.281690	0.661972	0.352113	0.309859	0.492958	0.197183	0.802817
superligaen	HT05	47	31	16	0.659574	47	47	2.765957	1.212766	2	9	9	12	15	0.957447	0.765957	0.574468	0.319149	0.191489	0.255319	0.765957	0.851064	0.659574	0.319149	0.297872	0.382979	0.659574	0.361702	0.170213	0.446809	0.382979	0.617021
primera división paraguay	TEAM2_SCORE_FT	44	29	15	0.659091	44	44	1.954545	0.795455	6	15	13	3	7	0.863636	0.522727	0.227273	0.159091	0.295455	0.068182	0.477273	0.659091	0.272727	0.295455	0.295455	0.409091	0.454545	0.227273	0.159091	0.659091	0.181818	0.818182
liga portugal	TEAM2_SCORE_FT	82	54	28	0.658537	82	82	2.817073	1.195122	6	12	13	26	25	0.926829	0.780488	0.621951	0.304878	0.158537	0.317073	0.804878	0.658537	0.536585	0.487805	0.280488	0.231707	0.670732	0.329268	0.304878	0.439024	0.256098	0.743902
ligue 2	TEAM1_SCORE_FT	87	57	30	0.655172	87	87	2.275862	0.977011	14	18	17	22	16	0.839080	0.632184	0.436782	0.183908	0.195402	0.252874	0.655172	0.643678	0.459770	0.390805	0.321839	0.287356	0.597701	0.252874	0.298851	0.505747	0.195402	0.804598
scottish cup	HT05	26	17	9	0.653846	26	26	2.884615	1.192308	2	2	8	7	7	0.923077	0.846154	0.538462	0.269231	0.307692	0.269231	0.884615	0.576923	0.538462	0.538462	0.269231	0.192308	0.653846	0.346154	0.423077	0.423077	0.153846	0.846154
liga portugal 2	TEAM2_SCORE_FT	86	56	30	0.651163	86	86	2.406977	0.906977	9	24	12	21	20	0.895349	0.616279	0.476744	0.232558	0.139535	0.244186	0.720930	0.651163	0.476744	0.441860	0.244186	0.313953	0.581395	0.244186	0.302326	0.523256	0.174419	0.825581
uefa europa league	HT1X_HOME	60	39	21	0.650000	60	60	2.500000	1.233333	1	20	14	10	15	0.983333	0.650000	0.416667	0.250000	0.233333	0.166667	0.766667	0.700000	0.483333	0.483333	0.216667	0.300000	0.716667	0.333333	0.300000	0.350000	0.350000	0.650000
uefa europa league	O15_FT	60	39	21	0.650000	60	60	2.500000	1.233333	1	20	14	10	15	0.983333	0.650000	0.416667	0.250000	0.233333	0.166667	0.766667	0.700000	0.483333	0.483333	0.216667	0.300000	0.716667	0.333333	0.300000	0.350000	0.350000	0.650000
ligue 2	TEAM2_SCORE_FT	87	56	31	0.643678	87	87	2.275862	0.977011	14	18	17	22	16	0.839080	0.632184	0.436782	0.183908	0.195402	0.252874	0.655172	0.643678	0.459770	0.390805	0.321839	0.287356	0.597701	0.252874	0.298851	0.505747	0.195402	0.804598
coupe de france	TEAM1_SCORE_FT	28	18	10	0.642857	28	28	3.178571	1.250000	3	2	6	5	12	0.892857	0.821429	0.607143	0.428571	0.214286	0.178571	0.642857	0.714286	0.464286	0.285714	0.250000	0.464286	0.714286	0.321429	0.178571	0.392857	0.428571	0.571429
liga profesional argentina	TEAM1_SCORE_FT	114	73	41	0.640351	114	114	1.736842	0.815789	26	28	28	20	12	0.771930	0.526316	0.280702	0.105263	0.245614	0.175439	0.640351	0.535088	0.403509	0.350877	0.421053	0.228070	0.561404	0.219298	0.254386	0.508772	0.236842	0.763158
premiership	TEAM2_SCORE_FT	61	39	22	0.639344	61	61	2.868852	1.278689	4	11	16	9	21	0.934426	0.754098	0.491803	0.344262	0.262295	0.147541	0.803279	0.639344	0.508197	0.475410	0.262295	0.262295	0.754098	0.344262	0.426230	0.360656	0.213115	0.786885
cymru premier league	HT05	44	28	16	0.636364	44	44	2.613636	1.068182	4	8	12	7	13	0.909091	0.727273	0.454545	0.295455	0.272727	0.159091	0.681818	0.727273	0.500000	0.340909	0.272727	0.386364	0.636364	0.250000	0.272727	0.431818	0.295455	0.704545
serie a brazil	TEAM2_SCORE_FT	44	28	16	0.636364	44	44	2.340909	1.113636	4	13	10	8	9	0.909091	0.613636	0.386364	0.204545	0.227273	0.181818	0.704545	0.636364	0.431818	0.454545	0.272727	0.272727	0.727273	0.318182	0.272727	0.500000	0.227273	0.772727
czech first league	HT05	52	33	19	0.634615	52	52	2.288462	0.980769	8	9	13	11	11	0.846154	0.673077	0.423077	0.211538	0.250000	0.211538	0.692308	0.480769	0.326923	0.442308	0.250000	0.307692	0.634615	0.269231	0.269231	0.423077	0.307692	0.692308
ligue 2	O15_FT	87	55	32	0.632184	87	87	2.275862	0.977011	14	18	17	22	16	0.839080	0.632184	0.436782	0.183908	0.195402	0.252874	0.655172	0.643678	0.459770	0.390805	0.321839	0.287356	0.597701	0.252874	0.298851	0.505747	0.195402	0.804598
ligue 1	TEAM2_SCORE_FT	81	51	30	0.629630	81	81	2.592593	1.172840	7	16	21	12	25	0.913580	0.716049	0.456790	0.308642	0.259259	0.148148	0.716049	0.629630	0.432099	0.444444	0.234568	0.320988	0.716049	0.283951	0.370370	0.358025	0.271605	0.728395
primera a colombia	HT05	75	47	28	0.626667	75	75	2.546667	1.106667	12	8	18	20	17	0.840000	0.733333	0.493333	0.226667	0.240000	0.266667	0.760000	0.613333	0.533333	0.466667	0.360000	0.173333	0.626667	0.346667	0.333333	0.506667	0.160000	0.840000
copa del rey	HT05	16	10	6	0.625000	16	16	3.187500	1.625000	0	3	3	4	6	1.000000	0.812500	0.625000	0.375000	0.187500	0.250000	0.687500	0.750000	0.437500	0.375000	0.062500	0.562500	0.625000	0.500000	0.187500	0.562500	0.250000	0.750000
belgian cup	HT1X_HOME	8	5	3	0.625000	8	8	2.250000	1.500000	1	2	2	1	2	0.875000	0.625000	0.375000	0.250000	0.250000	0.125000	0.500000	0.625000	0.250000	0.500000	0.125000	0.375000	0.875000	0.625000	0.250000	0.375000	0.375000	0.625000
belgian cup	O15_FT	8	5	3	0.625000	8	8	2.250000	1.500000	1	2	2	1	2	0.875000	0.625000	0.375000	0.250000	0.250000	0.125000	0.500000	0.625000	0.250000	0.500000	0.125000	0.375000	0.875000	0.625000	0.250000	0.375000	0.375000	0.625000
belgian cup	TEAM2_SCORE_FT	8	5	3	0.625000	8	8	2.250000	1.500000	1	2	2	1	2	0.875000	0.625000	0.375000	0.250000	0.250000	0.125000	0.500000	0.625000	0.250000	0.500000	0.125000	0.375000	0.875000	0.625000	0.250000	0.375000	0.375000	0.625000
superligaen	HT1X_HOME	47	29	18	0.617021	47	47	2.765957	1.212766	2	9	9	12	15	0.957447	0.765957	0.574468	0.319149	0.191489	0.255319	0.765957	0.851064	0.659574	0.319149	0.297872	0.382979	0.659574	0.361702	0.170213	0.446809	0.382979	0.617021
liga portugal 2	O15_FT	86	53	33	0.616279	86	86	2.406977	0.906977	9	24	12	21	20	0.895349	0.616279	0.476744	0.232558	0.139535	0.244186	0.720930	0.651163	0.476744	0.441860	0.244186	0.313953	0.581395	0.244186	0.302326	0.523256	0.174419	0.825581
serie a brazil	O15_FT	44	27	17	0.613636	44	44	2.340909	1.113636	4	13	10	8	9	0.909091	0.613636	0.386364	0.204545	0.227273	0.181818	0.704545	0.636364	0.431818	0.454545	0.272727	0.272727	0.727273	0.318182	0.272727	0.500000	0.227273	0.772727
primera a colombia	TEAM2_SCORE_FT	75	46	29	0.613333	75	75	2.546667	1.106667	12	8	18	20	17	0.840000	0.733333	0.493333	0.226667	0.240000	0.266667	0.760000	0.613333	0.533333	0.466667	0.360000	0.173333	0.626667	0.346667	0.333333	0.506667	0.160000	0.840000
ligue 2	HT05	87	52	35	0.597701	87	87	2.275862	0.977011	14	18	17	22	16	0.839080	0.632184	0.436782	0.183908	0.195402	0.252874	0.655172	0.643678	0.459770	0.390805	0.321839	0.287356	0.597701	0.252874	0.298851	0.505747	0.195402	0.804598
liga portugal 2	HT05	86	50	36	0.581395	86	86	2.406977	0.906977	9	24	12	21	20	0.895349	0.616279	0.476744	0.232558	0.139535	0.244186	0.720930	0.651163	0.476744	0.441860	0.244186	0.313953	0.581395	0.244186	0.302326	0.523256	0.174419	0.825581
scottish cup	TEAM2_SCORE_FT	26	15	11	0.576923	26	26	2.884615	1.192308	2	2	8	7	7	0.923077	0.846154	0.538462	0.269231	0.307692	0.269231	0.884615	0.576923	0.538462	0.538462	0.269231	0.192308	0.653846	0.346154	0.423077	0.423077	0.153846	0.846154
mls	TEAM1_WIN_FT	47	27	20	0.574468	47	47	2.723404	1.255319	2	11	9	11	14	0.957447	0.723404	0.531915	0.297872	0.191489	0.234043	0.808511	0.574468	0.425532	0.574468	0.148936	0.276596	0.702128	0.340426	0.446809	0.361702	0.191489	0.808511
mls	TEAM2_SCORE_FT	47	27	20	0.574468	47	47	2.723404	1.255319	2	11	9	11	14	0.957447	0.723404	0.531915	0.297872	0.191489	0.234043	0.808511	0.574468	0.425532	0.574468	0.148936	0.276596	0.702128	0.340426	0.446809	0.361702	0.191489	0.808511
coupe de france	HT1X_HOME	28	16	12	0.571429	28	28	3.178571	1.250000	3	2	6	5	12	0.892857	0.821429	0.607143	0.428571	0.214286	0.178571	0.642857	0.714286	0.464286	0.285714	0.250000	0.464286	0.714286	0.321429	0.178571	0.392857	0.428571	0.571429
copa del rey	TEAM2_WIN_FT	16	9	7	0.562500	16	16	3.187500	1.625000	0	3	3	4	6	1.000000	0.812500	0.625000	0.375000	0.187500	0.250000	0.687500	0.750000	0.437500	0.375000	0.062500	0.562500	0.625000	0.500000	0.187500	0.562500	0.250000	0.750000
liga profesional argentina	HT05	114	64	50	0.561404	114	114	1.736842	0.815789	26	28	28	20	12	0.771930	0.526316	0.280702	0.105263	0.245614	0.175439	0.640351	0.535088	0.403509	0.350877	0.421053	0.228070	0.561404	0.219298	0.254386	0.508772	0.236842	0.763158
liga pro ecuador	HT05	27	15	12	0.555556	27	27	1.925926	0.851852	2	7	11	5	2	0.925926	0.666667	0.259259	0.074074	0.407407	0.185185	0.777778	0.666667	0.518519	0.407407	0.407407	0.185185	0.555556	0.222222	0.259259	0.555556	0.185185	0.814815
scottish cup	TEAM1_WIN_FT	26	14	12	0.538462	26	26	2.884615	1.192308	2	2	8	7	7	0.923077	0.846154	0.538462	0.269231	0.307692	0.269231	0.884615	0.576923	0.538462	0.538462	0.269231	0.192308	0.653846	0.346154	0.423077	0.423077	0.153846	0.846154
liga profesional argentina	TEAM2_SCORE_FT	114	61	53	0.535088	114	114	1.736842	0.815789	26	28	28	20	12	0.771930	0.526316	0.280702	0.105263	0.245614	0.175439	0.640351	0.535088	0.403509	0.350877	0.421053	0.228070	0.561404	0.219298	0.254386	0.508772	0.236842	0.763158
uefa champions league	TEAM1_WIN_FT	60	32	28	0.533333	60	60	3.633333	1.650000	2	4	14	13	27	0.966667	0.900000	0.666667	0.450000	0.233333	0.216667	0.883333	0.716667	0.633333	0.533333	0.150000	0.316667	0.716667	0.600000	0.383333	0.450000	0.166667	0.833333
liga profesional argentina	O15_FT	114	60	54	0.526316	114	114	1.736842	0.815789	26	28	28	20	12	0.771930	0.526316	0.280702	0.105263	0.245614	0.175439	0.640351	0.535088	0.403509	0.350877	0.421053	0.228070	0.561404	0.219298	0.254386	0.508772	0.236842	0.763158
primera división paraguay	O15_FT	44	23	21	0.522727	44	44	1.954545	0.795455	6	15	13	3	7	0.863636	0.522727	0.227273	0.159091	0.295455	0.068182	0.477273	0.659091	0.272727	0.295455	0.295455	0.409091	0.454545	0.227273	0.159091	0.659091	0.181818	0.818182
belgian cup	TEAM1_SCORE_FT	8	4	4	0.500000	8	8	2.250000	1.500000	1	2	2	1	2	0.875000	0.625000	0.375000	0.250000	0.250000	0.125000	0.500000	0.625000	0.250000	0.500000	0.125000	0.375000	0.875000	0.625000	0.250000	0.375000	0.375000	0.625000
belgian cup	TEAM1_WIN_FT	8	4	4	0.500000	8	8	2.250000	1.500000	1	2	2	1	2	0.875000	0.625000	0.375000	0.250000	0.250000	0.125000	0.500000	0.625000	0.250000	0.500000	0.125000	0.375000	0.875000	0.625000	0.250000	0.375000	0.375000	0.625000
cup	HT05	4	2	2	0.500000	4	4	1.750000	0.750000	2	0	0	1	1	0.500000	0.500000	0.500000	0.250000	0.000000	0.250000	0.500000	0.250000	0.250000	0.250000	0.750000	0.000000	0.500000	0.250000	0.250000	0.500000	0.250000	0.750000
cup	O15_FT	4	2	2	0.500000	4	4	1.750000	0.750000	2	0	0	1	1	0.500000	0.500000	0.500000	0.250000	0.000000	0.250000	0.500000	0.250000	0.250000	0.250000	0.750000	0.000000	0.500000	0.250000	0.250000	0.500000	0.250000	0.750000
cup	TEAM1_SCORE_FT	4	2	2	0.500000	4	4	1.750000	0.750000	2	0	0	1	1	0.500000	0.500000	0.500000	0.250000	0.000000	0.250000	0.500000	0.250000	0.250000	0.250000	0.750000	0.000000	0.500000	0.250000	0.250000	0.500000	0.250000	0.750000
dfb pokal	TEAM1_WIN_FT	4	2	2	0.500000	4	4	2.500000	0.250000	0	0	2	2	0	1.000000	1.000000	0.500000	0.000000	0.500000	0.500000	0.750000	0.500000	0.250000	0.500000	0.250000	0.250000	0.250000	0.000000	0.250000	0.750000	0.000000	1.000000
dfb pokal	TEAM2_SCORE_FT	4	2	2	0.500000	4	4	2.500000	0.250000	0	0	2	2	0	1.000000	1.000000	0.500000	0.000000	0.500000	0.500000	0.750000	0.500000	0.250000	0.500000	0.250000	0.250000	0.250000	0.000000	0.250000	0.750000	0.000000	1.000000
league cup	HT05	4	2	2	0.500000	4	4	3.000000	1.000000	0	1	1	0	2	1.000000	0.750000	0.500000	0.500000	0.250000	0.000000	0.750000	0.750000	0.500000	0.500000	0.000000	0.500000	0.500000	0.250000	0.250000	0.500000	0.250000	0.750000
league cup	TEAM1_WIN_FT	4	2	2	0.500000	4	4	3.000000	1.000000	0	1	1	0	2	1.000000	0.750000	0.500000	0.500000	0.250000	0.000000	0.750000	0.750000	0.500000	0.500000	0.000000	0.500000	0.500000	0.250000	0.250000	0.500000	0.250000	0.750000
league cup	TEAM2_WIN_FT	4	2	2	0.500000	4	4	3.000000	1.000000	0	1	1	0	2	1.000000	0.750000	0.500000	0.500000	0.250000	0.000000	0.750000	0.750000	0.500000	0.500000	0.000000	0.500000	0.500000	0.250000	0.250000	0.500000	0.250000	0.750000
taça da liga	TEAM1_WIN_FT	2	1	1	0.500000	2	2	3.500000	1.500000	0	0	0	1	1	1.000000	1.000000	1.000000	0.500000	0.000000	0.500000	1.000000	1.000000	1.000000	0.500000	0.000000	0.500000	1.000000	0.500000	0.000000	0.000000	1.000000	0.000000
taça da liga	TEAM2_WIN_FT	2	1	1	0.500000	2	2	3.500000	1.500000	0	0	0	1	1	1.000000	1.000000	1.000000	0.500000	0.000000	0.500000	1.000000	1.000000	1.000000	0.500000	0.000000	0.500000	1.000000	0.500000	0.000000	0.000000	1.000000	0.000000
liga portugal	TEAM1_WIN_FT	82	40	42	0.487805	82	82	2.817073	1.195122	6	12	13	26	25	0.926829	0.780488	0.621951	0.304878	0.158537	0.317073	0.804878	0.658537	0.536585	0.487805	0.280488	0.231707	0.670732	0.329268	0.304878	0.439024	0.256098	0.743902
laliga2	TEAM1_WIN_FT	109	53	56	0.486239	109	109	2.642202	1.275229	7	20	26	30	26	0.935780	0.752294	0.513761	0.238532	0.238532	0.275229	0.807339	0.697248	0.568807	0.486239	0.229358	0.284404	0.706422	0.357798	0.348624	0.431193	0.220183	0.779817
uefa europa league	TEAM1_WIN_FT	60	29	31	0.483333	60	60	2.500000	1.233333	1	20	14	10	15	0.983333	0.650000	0.416667	0.250000	0.233333	0.166667	0.766667	0.700000	0.483333	0.483333	0.216667	0.300000	0.716667	0.333333	0.300000	0.350000	0.350000	0.650000
czech first league	TEAM2_SCORE_FT	52	25	27	0.480769	52	52	2.288462	0.980769	8	9	13	11	11	0.846154	0.673077	0.423077	0.211538	0.250000	0.211538	0.692308	0.480769	0.326923	0.442308	0.250000	0.307692	0.634615	0.269231	0.269231	0.423077	0.307692	0.692308
bundesliga	TEAM1_WIN_FT	94	45	49	0.478723	94	94	3.170213	1.351064	3	11	20	24	36	0.968085	0.851064	0.638298	0.382979	0.212766	0.255319	0.882979	0.723404	0.638298	0.478723	0.265957	0.255319	0.765957	0.382979	0.414894	0.393617	0.191489	0.808511
primera división paraguay	TEAM1_SCORE_FT	44	21	23	0.477273	44	44	1.954545	0.795455	6	15	13	3	7	0.863636	0.522727	0.227273	0.159091	0.295455	0.068182	0.477273	0.659091	0.272727	0.295455	0.295455	0.409091	0.454545	0.227273	0.159091	0.659091	0.181818	0.818182
premiership	TEAM1_WIN_FT	61	29	32	0.475410	61	61	2.868852	1.278689	4	11	16	9	21	0.934426	0.754098	0.491803	0.344262	0.262295	0.147541	0.803279	0.639344	0.508197	0.475410	0.262295	0.262295	0.754098	0.344262	0.426230	0.360656	0.213115	0.786885
saudi arabia	TEAM1_WIN_FT	131	62	69	0.473282	131	131	2.969466	1.221374	5	23	30	23	50	0.961832	0.786260	0.557252	0.381679	0.229008	0.175573	0.793893	0.709924	0.541985	0.473282	0.221374	0.305344	0.717557	0.335878	0.297710	0.412214	0.290076	0.709924
primera a colombia	TEAM1_WIN_FT	75	35	40	0.466667	75	75	2.546667	1.106667	12	8	18	20	17	0.840000	0.733333	0.493333	0.226667	0.240000	0.266667	0.760000	0.613333	0.533333	0.466667	0.360000	0.173333	0.626667	0.346667	0.333333	0.506667	0.160000	0.840000
laliga	TEAM1_WIN_FT	99	46	53	0.464646	99	99	2.848485	1.090909	3	13	28	27	28	0.969697	0.838384	0.555556	0.282828	0.282828	0.272727	0.818182	0.797980	0.646465	0.464646	0.272727	0.262626	0.686869	0.303030	0.373737	0.444444	0.181818	0.818182
coupe de france	TEAM2_WIN_FT	28	13	15	0.464286	28	28	3.178571	1.250000	3	2	6	5	12	0.892857	0.821429	0.607143	0.428571	0.214286	0.178571	0.642857	0.714286	0.464286	0.285714	0.250000	0.464286	0.714286	0.321429	0.178571	0.392857	0.428571	0.571429
primera división paraguay	HT05	44	20	24	0.454545	44	44	1.954545	0.795455	6	15	13	3	7	0.863636	0.522727	0.227273	0.159091	0.295455	0.068182	0.477273	0.659091	0.272727	0.295455	0.295455	0.409091	0.454545	0.227273	0.159091	0.659091	0.181818	0.818182
serie a brazil	TEAM1_WIN_FT	44	20	24	0.454545	44	44	2.340909	1.113636	4	13	10	8	9	0.909091	0.613636	0.386364	0.204545	0.227273	0.181818	0.704545	0.636364	0.431818	0.454545	0.272727	0.272727	0.727273	0.318182	0.272727	0.500000	0.227273	0.772727
liga mx	TEAM1_WIN_FT	82	37	45	0.451220	82	82	2.780488	1.317073	6	13	13	26	24	0.926829	0.768293	0.609756	0.292683	0.158537	0.317073	0.792683	0.719512	0.585366	0.451220	0.170732	0.378049	0.719512	0.378049	0.402439	0.365854	0.231707	0.768293
fa cup	TEAM2_WIN_FT	56	25	31	0.446429	56	56	3.535714	1.339286	1	11	6	11	27	0.982143	0.785714	0.678571	0.482143	0.107143	0.196429	0.803571	0.821429	0.642857	0.410714	0.142857	0.446429	0.785714	0.339286	0.482143	0.250000	0.267857	0.732143
ligue 1	TEAM1_WIN_FT	81	36	45	0.444444	81	81	2.592593	1.172840	7	16	21	12	25	0.913580	0.716049	0.456790	0.308642	0.259259	0.148148	0.716049	0.629630	0.432099	0.444444	0.234568	0.320988	0.716049	0.283951	0.370370	0.358025	0.271605	0.728395
czech first league	TEAM1_WIN_FT	52	23	29	0.442308	52	52	2.288462	0.980769	8	9	13	11	11	0.846154	0.673077	0.423077	0.211538	0.250000	0.211538	0.692308	0.480769	0.326923	0.442308	0.250000	0.307692	0.634615	0.269231	0.269231	0.423077	0.307692	0.692308
liga portugal 2	TEAM1_WIN_FT	86	38	48	0.441860	86	86	2.406977	0.906977	9	24	12	21	20	0.895349	0.616279	0.476744	0.232558	0.139535	0.244186	0.720930	0.651163	0.476744	0.441860	0.244186	0.313953	0.581395	0.244186	0.302326	0.523256	0.174419	0.825581
serie b	TEAM1_WIN_FT	116	49	67	0.422414	116	116	2.637931	1.198276	9	18	26	32	31	0.922414	0.767241	0.543103	0.267241	0.224138	0.275862	0.793103	0.672414	0.543103	0.422414	0.293103	0.284483	0.750000	0.370690	0.318966	0.413793	0.267241	0.732759
serie a italia	TEAM1_WIN_FT	109	46	63	0.422018	109	109	2.651376	1.073394	7	19	25	29	29	0.935780	0.761468	0.532110	0.266055	0.229358	0.266055	0.761468	0.678899	0.504587	0.422018	0.256881	0.321101	0.688073	0.293578	0.311927	0.412844	0.275229	0.724771
fa cup	TEAM1_WIN_FT	56	23	33	0.410714	56	56	3.535714	1.339286	1	11	6	11	27	0.982143	0.785714	0.678571	0.482143	0.107143	0.196429	0.803571	0.821429	0.642857	0.410714	0.142857	0.446429	0.785714	0.339286	0.482143	0.250000	0.267857	0.732143
super league switzerland	TEAM1_WIN_FT	61	25	36	0.409836	61	61	3.344262	1.360656	3	4	13	20	21	0.950820	0.885246	0.672131	0.344262	0.213115	0.327869	0.918033	0.803279	0.770492	0.409836	0.295082	0.295082	0.754098	0.377049	0.360656	0.377049	0.262295	0.737705
eredivisie	TEAM1_WIN_FT	83	34	49	0.409639	83	83	3.096386	1.469880	4	8	18	20	33	0.951807	0.855422	0.638554	0.397590	0.216867	0.240964	0.879518	0.771084	0.698795	0.409639	0.301205	0.289157	0.734940	0.469880	0.373494	0.385542	0.240964	0.759036
primera división paraguay	TEAM2_WIN_FT	44	18	26	0.409091	44	44	1.954545	0.795455	6	15	13	3	7	0.863636	0.522727	0.227273	0.159091	0.295455	0.068182	0.477273	0.659091	0.272727	0.295455	0.295455	0.409091	0.454545	0.227273	0.159091	0.659091	0.181818	0.818182
super lig	TEAM1_WIN_FT	71	29	42	0.408451	71	71	2.619718	1.126761	8	9	13	20	21	0.887324	0.760563	0.577465	0.295775	0.183099	0.281690	0.760563	0.704225	0.577465	0.408451	0.309859	0.281690	0.661972	0.352113	0.309859	0.492958	0.197183	0.802817
liga pro ecuador	TEAM1_WIN_FT	27	11	16	0.407407	27	27	1.925926	0.851852	2	7	11	5	2	0.925926	0.666667	0.259259	0.074074	0.407407	0.185185	0.777778	0.666667	0.518519	0.407407	0.407407	0.185185	0.555556	0.222222	0.259259	0.555556	0.185185	0.814815
pro league	TEAM2_WIN_FT	64	26	38	0.406250	64	64	2.750000	1.265625	6	8	16	16	18	0.906250	0.781250	0.531250	0.281250	0.250000	0.250000	0.687500	0.734375	0.515625	0.375000	0.218750	0.406250	0.718750	0.375000	0.296875	0.390625	0.312500	0.687500
2. bundesliga	TEAM1_WIN_FT	75	30	45	0.400000	75	75	2.973333	1.373333	5	8	18	19	25	0.933333	0.826667	0.586667	0.333333	0.240000	0.253333	0.853333	0.773333	0.693333	0.400000	0.320000	0.280000	0.720000	0.346667	0.346667	0.373333	0.280000	0.720000
championship	TEAM1_WIN_FT	163	65	98	0.398773	163	163	2.564417	1.128834	9	25	49	44	36	0.944785	0.791411	0.490798	0.220859	0.300613	0.269939	0.754601	0.693252	0.503067	0.398773	0.220859	0.380368	0.674847	0.361963	0.312883	0.435583	0.251534	0.748466
ligue 2	TEAM1_WIN_FT	87	34	53	0.390805	87	87	2.275862	0.977011	14	18	17	22	16	0.839080	0.632184	0.436782	0.183908	0.195402	0.252874	0.655172	0.643678	0.459770	0.390805	0.321839	0.287356	0.597701	0.252874	0.298851	0.505747	0.195402	0.804598
cymru premier league	TEAM2_WIN_FT	44	17	27	0.386364	44	44	2.613636	1.068182	4	8	12	7	13	0.909091	0.727273	0.454545	0.295455	0.272727	0.159091	0.681818	0.727273	0.500000	0.340909	0.272727	0.386364	0.636364	0.250000	0.272727	0.431818	0.295455	0.704545
superligaen	TEAM2_WIN_FT	47	18	29	0.382979	47	47	2.765957	1.212766	2	9	9	12	15	0.957447	0.765957	0.574468	0.319149	0.191489	0.255319	0.765957	0.851064	0.659574	0.319149	0.297872	0.382979	0.659574	0.361702	0.170213	0.446809	0.382979	0.617021
championship	TEAM2_WIN_FT	163	62	101	0.380368	163	163	2.564417	1.128834	9	25	49	44	36	0.944785	0.791411	0.490798	0.220859	0.300613	0.269939	0.754601	0.693252	0.503067	0.398773	0.220859	0.380368	0.674847	0.361963	0.312883	0.435583	0.251534	0.748466
liga mx	TEAM2_WIN_FT	82	31	51	0.378049	82	82	2.780488	1.317073	6	13	13	26	24	0.926829	0.768293	0.609756	0.292683	0.158537	0.317073	0.792683	0.719512	0.585366	0.451220	0.170732	0.378049	0.719512	0.378049	0.402439	0.365854	0.231707	0.768293
pro league	TEAM1_WIN_FT	64	24	40	0.375000	64	64	2.750000	1.265625	6	8	16	16	18	0.906250	0.781250	0.531250	0.281250	0.250000	0.250000	0.687500	0.734375	0.515625	0.375000	0.218750	0.406250	0.718750	0.375000	0.296875	0.390625	0.312500	0.687500
copa del rey	TEAM1_WIN_FT	16	6	10	0.375000	16	16	3.187500	1.625000	0	3	3	4	6	1.000000	0.812500	0.625000	0.375000	0.187500	0.250000	0.687500	0.750000	0.437500	0.375000	0.062500	0.562500	0.625000	0.500000	0.187500	0.562500	0.250000	0.750000
belgian cup	TEAM2_WIN_FT	8	3	5	0.375000	8	8	2.250000	1.500000	1	2	2	1	2	0.875000	0.625000	0.375000	0.250000	0.250000	0.125000	0.500000	0.625000	0.250000	0.500000	0.125000	0.375000	0.875000	0.625000	0.250000	0.375000	0.375000	0.625000
liga profesional argentina	TEAM1_WIN_FT	114	40	74	0.350877	114	114	1.736842	0.815789	26	28	28	20	12	0.771930	0.526316	0.280702	0.105263	0.245614	0.175439	0.640351	0.535088	0.403509	0.350877	0.421053	0.228070	0.561404	0.219298	0.254386	0.508772	0.236842	0.763158
premier league	TEAM1_WIN_FT	106	37	69	0.349057	106	106	2.669811	1.226415	10	14	31	20	31	0.905660	0.773585	0.481132	0.292453	0.292453	0.188679	0.745283	0.745283	0.584906	0.349057	0.320755	0.330189	0.698113	0.330189	0.320755	0.386792	0.292453	0.707547
cymru premier league	TEAM1_WIN_FT	44	15	29	0.340909	44	44	2.613636	1.068182	4	8	12	7	13	0.909091	0.727273	0.454545	0.295455	0.272727	0.159091	0.681818	0.727273	0.500000	0.340909	0.272727	0.386364	0.636364	0.250000	0.272727	0.431818	0.295455	0.704545
premier league	TEAM2_WIN_FT	106	35	71	0.330189	106	106	2.669811	1.226415	10	14	31	20	31	0.905660	0.773585	0.481132	0.292453	0.292453	0.188679	0.745283	0.745283	0.584906	0.349057	0.320755	0.330189	0.698113	0.330189	0.320755	0.386792	0.292453	0.707547
serie a italia	TEAM2_WIN_FT	109	35	74	0.321101	109	109	2.651376	1.073394	7	19	25	29	29	0.935780	0.761468	0.532110	0.266055	0.229358	0.266055	0.761468	0.678899	0.504587	0.422018	0.256881	0.321101	0.688073	0.293578	0.311927	0.412844	0.275229	0.724771
ligue 1	TEAM2_WIN_FT	81	26	55	0.320988	81	81	2.592593	1.172840	7	16	21	12	25	0.913580	0.716049	0.456790	0.308642	0.259259	0.148148	0.716049	0.629630	0.432099	0.444444	0.234568	0.320988	0.716049	0.283951	0.370370	0.358025	0.271605	0.728395
superligaen	TEAM1_WIN_FT	47	15	32	0.319149	47	47	2.765957	1.212766	2	9	9	12	15	0.957447	0.765957	0.574468	0.319149	0.191489	0.255319	0.765957	0.851064	0.659574	0.319149	0.297872	0.382979	0.659574	0.361702	0.170213	0.446809	0.382979	0.617021
uefa champions league	TEAM2_WIN_FT	60	19	41	0.316667	60	60	3.633333	1.650000	2	4	14	13	27	0.966667	0.900000	0.666667	0.450000	0.233333	0.216667	0.883333	0.716667	0.633333	0.533333	0.150000	0.316667	0.716667	0.600000	0.383333	0.450000	0.166667	0.833333
liga portugal 2	TEAM2_WIN_FT	86	27	59	0.313953	86	86	2.406977	0.906977	9	24	12	21	20	0.895349	0.616279	0.476744	0.232558	0.139535	0.244186	0.720930	0.651163	0.476744	0.441860	0.244186	0.313953	0.581395	0.244186	0.302326	0.523256	0.174419	0.825581
czech first league	TEAM2_WIN_FT	52	16	36	0.307692	52	52	2.288462	0.980769	8	9	13	11	11	0.846154	0.673077	0.423077	0.211538	0.250000	0.211538	0.692308	0.480769	0.326923	0.442308	0.250000	0.307692	0.634615	0.269231	0.269231	0.423077	0.307692	0.692308
saudi arabia	TEAM2_WIN_FT	131	40	91	0.305344	131	131	2.969466	1.221374	5	23	30	23	50	0.961832	0.786260	0.557252	0.381679	0.229008	0.175573	0.793893	0.709924	0.541985	0.473282	0.221374	0.305344	0.717557	0.335878	0.297710	0.412214	0.290076	0.709924
uefa europa league	TEAM2_WIN_FT	60	18	42	0.300000	60	60	2.500000	1.233333	1	20	14	10	15	0.983333	0.650000	0.416667	0.250000	0.233333	0.166667	0.766667	0.700000	0.483333	0.483333	0.216667	0.300000	0.716667	0.333333	0.300000	0.350000	0.350000	0.650000
primera división paraguay	TEAM1_WIN_FT	44	13	31	0.295455	44	44	1.954545	0.795455	6	15	13	3	7	0.863636	0.522727	0.227273	0.159091	0.295455	0.068182	0.477273	0.659091	0.272727	0.295455	0.295455	0.409091	0.454545	0.227273	0.159091	0.659091	0.181818	0.818182
super league switzerland	TEAM2_WIN_FT	61	18	43	0.295082	61	61	3.344262	1.360656	3	4	13	20	21	0.950820	0.885246	0.672131	0.344262	0.213115	0.327869	0.918033	0.803279	0.770492	0.409836	0.295082	0.295082	0.754098	0.377049	0.360656	0.377049	0.262295	0.737705
eredivisie	TEAM2_WIN_FT	83	24	59	0.289157	83	83	3.096386	1.469880	4	8	18	20	33	0.951807	0.855422	0.638554	0.397590	0.216867	0.240964	0.879518	0.771084	0.698795	0.409639	0.301205	0.289157	0.734940	0.469880	0.373494	0.385542	0.240964	0.759036
ligue 2	TEAM2_WIN_FT	87	25	62	0.287356	87	87	2.275862	0.977011	14	18	17	22	16	0.839080	0.632184	0.436782	0.183908	0.195402	0.252874	0.655172	0.643678	0.459770	0.390805	0.321839	0.287356	0.597701	0.252874	0.298851	0.505747	0.195402	0.804598
coupe de france	TEAM1_WIN_FT	28	8	20	0.285714	28	28	3.178571	1.250000	3	2	6	5	12	0.892857	0.821429	0.607143	0.428571	0.214286	0.178571	0.642857	0.714286	0.464286	0.285714	0.250000	0.464286	0.714286	0.321429	0.178571	0.392857	0.428571	0.571429
serie b	TEAM2_WIN_FT	116	33	83	0.284483	116	116	2.637931	1.198276	9	18	26	32	31	0.922414	0.767241	0.543103	0.267241	0.224138	0.275862	0.793103	0.672414	0.543103	0.422414	0.293103	0.284483	0.750000	0.370690	0.318966	0.413793	0.267241	0.732759
laliga2	TEAM2_WIN_FT	109	31	78	0.284404	109	109	2.642202	1.275229	7	20	26	30	26	0.935780	0.752294	0.513761	0.238532	0.238532	0.275229	0.807339	0.697248	0.568807	0.486239	0.229358	0.284404	0.706422	0.357798	0.348624	0.431193	0.220183	0.779817
super lig	TEAM2_WIN_FT	71	20	51	0.281690	71	71	2.619718	1.126761	8	9	13	20	21	0.887324	0.760563	0.577465	0.295775	0.183099	0.281690	0.760563	0.704225	0.577465	0.408451	0.309859	0.281690	0.661972	0.352113	0.309859	0.492958	0.197183	0.802817
2. bundesliga	TEAM2_WIN_FT	75	21	54	0.280000	75	75	2.973333	1.373333	5	8	18	19	25	0.933333	0.826667	0.586667	0.333333	0.240000	0.253333	0.853333	0.773333	0.693333	0.400000	0.320000	0.280000	0.720000	0.346667	0.346667	0.373333	0.280000	0.720000
mls	TEAM2_WIN_FT	47	13	34	0.276596	47	47	2.723404	1.255319	2	11	9	11	14	0.957447	0.723404	0.531915	0.297872	0.191489	0.234043	0.808511	0.574468	0.425532	0.574468	0.148936	0.276596	0.702128	0.340426	0.446809	0.361702	0.191489	0.808511
serie a brazil	TEAM2_WIN_FT	44	12	32	0.272727	44	44	2.340909	1.113636	4	13	10	8	9	0.909091	0.613636	0.386364	0.204545	0.227273	0.181818	0.704545	0.636364	0.431818	0.454545	0.272727	0.272727	0.727273	0.318182	0.272727	0.500000	0.227273	0.772727
laliga	TEAM2_WIN_FT	99	26	73	0.262626	99	99	2.848485	1.090909	3	13	28	27	28	0.969697	0.838384	0.555556	0.282828	0.282828	0.272727	0.818182	0.797980	0.646465	0.464646	0.272727	0.262626	0.686869	0.303030	0.373737	0.444444	0.181818	0.818182
premiership	TEAM2_WIN_FT	61	16	45	0.262295	61	61	2.868852	1.278689	4	11	16	9	21	0.934426	0.754098	0.491803	0.344262	0.262295	0.147541	0.803279	0.639344	0.508197	0.475410	0.262295	0.262295	0.754098	0.344262	0.426230	0.360656	0.213115	0.786885
bundesliga	TEAM2_WIN_FT	94	24	70	0.255319	94	94	3.170213	1.351064	3	11	20	24	36	0.968085	0.851064	0.638298	0.382979	0.212766	0.255319	0.882979	0.723404	0.638298	0.478723	0.265957	0.255319	0.765957	0.382979	0.414894	0.393617	0.191489	0.808511
cup	TEAM1_WIN_FT	4	1	3	0.250000	4	4	1.750000	0.750000	2	0	0	1	1	0.500000	0.500000	0.500000	0.250000	0.000000	0.250000	0.500000	0.250000	0.250000	0.250000	0.750000	0.000000	0.500000	0.250000	0.250000	0.500000	0.250000	0.750000
cup	TEAM2_SCORE_FT	4	1	3	0.250000	4	4	1.750000	0.750000	2	0	0	1	1	0.500000	0.500000	0.500000	0.250000	0.000000	0.250000	0.500000	0.250000	0.250000	0.250000	0.750000	0.000000	0.500000	0.250000	0.250000	0.500000	0.250000	0.750000
dfb pokal	HT05	4	1	3	0.250000	4	4	2.500000	0.250000	0	0	2	2	0	1.000000	1.000000	0.500000	0.000000	0.500000	0.500000	0.750000	0.500000	0.250000	0.500000	0.250000	0.250000	0.250000	0.000000	0.250000	0.750000	0.000000	1.000000
dfb pokal	TEAM2_WIN_FT	4	1	3	0.250000	4	4	2.500000	0.250000	0	0	2	2	0	1.000000	1.000000	0.500000	0.000000	0.500000	0.500000	0.750000	0.500000	0.250000	0.500000	0.250000	0.250000	0.250000	0.000000	0.250000	0.750000	0.000000	1.000000
schweizer cup	TEAM2_WIN_FT	4	1	3	0.250000	4	4	4.000000	1.500000	0	0	0	3	1	1.000000	1.000000	1.000000	0.250000	0.000000	0.750000	1.000000	1.000000	1.000000	0.750000	0.000000	0.250000	1.000000	0.500000	0.500000	0.250000	0.250000	0.750000
liga portugal	TEAM2_WIN_FT	82	19	63	0.231707	82	82	2.817073	1.195122	6	12	13	26	25	0.926829	0.780488	0.621951	0.304878	0.158537	0.317073	0.804878	0.658537	0.536585	0.487805	0.280488	0.231707	0.670732	0.329268	0.304878	0.439024	0.256098	0.743902
liga profesional argentina	TEAM2_WIN_FT	114	26	88	0.228070	114	114	1.736842	0.815789	26	28	28	20	12	0.771930	0.526316	0.280702	0.105263	0.245614	0.175439	0.640351	0.535088	0.403509	0.350877	0.421053	0.228070	0.561404	0.219298	0.254386	0.508772	0.236842	0.763158
scottish cup	TEAM2_WIN_FT	26	5	21	0.192308	26	26	2.884615	1.192308	2	2	8	7	7	0.923077	0.846154	0.538462	0.269231	0.307692	0.269231	0.884615	0.576923	0.538462	0.538462	0.269231	0.192308	0.653846	0.346154	0.423077	0.423077	0.153846	0.846154
liga pro ecuador	TEAM2_WIN_FT	27	5	22	0.185185	27	27	1.925926	0.851852	2	7	11	5	2	0.925926	0.666667	0.259259	0.074074	0.407407	0.185185	0.777778	0.666667	0.518519	0.407407	0.407407	0.185185	0.555556	0.222222	0.259259	0.555556	0.185185	0.814815
primera a colombia	TEAM2_WIN_FT	75	13	62	0.173333	75	75	2.546667	1.106667	12	8	18	20	17	0.840000	0.733333	0.493333	0.226667	0.240000	0.266667	0.760000	0.613333	0.533333	0.466667	0.360000	0.173333	0.626667	0.346667	0.333333	0.506667	0.160000	0.840000
taça de portugal	TEAM2_WIN_FT	6	0	6	0.000000	6	6	2.500000	1.000000	0	2	1	1	2	1.000000	0.666667	0.500000	0.333333	0.166667	0.166667	1.000000	0.666667	0.666667	0.666667	0.333333	0.000000	0.833333	0.166667	0.666667	0.333333	0.000000	1.000000
cup	TEAM2_WIN_FT	4	0	4	0.000000	4	4	1.750000	0.750000	2	0	0	1	1	0.500000	0.500000	0.500000	0.250000	0.000000	0.250000	0.500000	0.250000	0.250000	0.250000	0.750000	0.000000	0.500000	0.250000	0.250000	0.500000	0.250000	0.750000
taça da liga	HT1X_HOME	2	0	2	0.000000	2	2	3.500000	1.500000	0	0	0	1	1	1.000000	1.000000	1.000000	0.500000	0.000000	0.500000	1.000000	1.000000	1.000000	0.500000	0.000000	0.500000	1.000000	0.500000	0.000000	0.000000	1.000000	0.000000
