# league	bet_key	samples	success	fail	base_rate	matches	ht_matches	avg_ft_goals	avg_ht_goals	goals_0	goals_1	goals_2	goals_3	goals_4_plus	rate_o05_ft	rate_o15_ft	rate_o25_ft	rate_o35_ft	rate_exact_2	rate_exact_3	home_scored_rate	away_scored_rate	btts_rate	home_win_rate	draw_rate	away_win_rate	rate_ht05	rate_ht15	rate_ht_home_lead	rate_ht_draw	rate_ht_away_lead	rate_ht1x_home	goals_score	composite_score
international friendlies	HT05	9	9	0	1.000000	9	9	2.666667	1.555556	0	2	1	4	2	1.000000	0.777778	0.666667	0.222222	0.111111	0.444444	0.666667	0.888889	0.555556	0.111111	0.222222	0.666667	1.000000	0.333333	0.222222	0.111111	0.666667	0.333333	1.000000	1.000000
uefa wc qualifiers	TEAM1_SCORE_FT	8	8	0	1.000000	8	8	3.375000	1.000000	0	1	2	1	4	1.000000	0.875000	0.625000	0.500000	0.250000	0.125000	1.000000	0.625000	0.625000	0.500000	0.250000	0.250000	0.500000	0.250000	0.125000	0.500000	0.375000	0.625000	1.000000	1.000000
schweizer cup	HT05	4	4	0	1.000000	4	4	4.000000	1.500000	0	0	0	3	1	1.000000	1.000000	1.000000	0.250000	0.000000	0.750000	1.000000	1.000000	1.000000	0.750000	0.000000	0.250000	1.000000	0.500000	0.500000	0.250000	0.250000	0.750000	1.000000	1.000000
schweizer cup	O15_FT	4	4	0	1.000000	4	4	4.000000	1.500000	0	0	0	3	1	1.000000	1.000000	1.000000	0.250000	0.000000	0.750000	1.000000	1.000000	1.000000	0.750000	0.000000	0.250000	1.000000	0.500000	0.500000	0.250000	0.250000	0.750000	1.000000	1.000000
schweizer cup	TEAM1_SCORE_FT	4	4	0	1.000000	4	4	4.000000	1.500000	0	0	0	3	1	1.000000	1.000000	1.000000	0.250000	0.000000	0.750000	1.000000	1.000000	1.000000	0.750000	0.000000	0.250000	1.000000	0.500000	0.500000	0.250000	0.250000	0.750000	1.000000	1.000000
taça da liga	HT05	2	2	0	1.000000	2	2	3.500000	1.500000	0	0	0	1	1	1.000000	1.000000	1.000000	0.500000	0.000000	0.500000	1.000000	1.000000	1.000000	0.500000	0.000000	0.500000	1.000000	0.500000	0.000000	0.000000	1.000000	0.000000	1.000000	1.000000
taça da liga	O15_FT	2	2	0	1.000000	2	2	3.500000	1.500000	0	0	0	1	1	1.000000	1.000000	1.000000	0.500000	0.000000	0.500000	1.000000	1.000000	1.000000	0.500000	0.000000	0.500000	1.000000	0.500000	0.000000	0.000000	1.000000	0.000000	1.000000	1.000000
taça da liga	TEAM2_SCORE_FT	2	2	0	1.000000	2	2	3.500000	1.500000	0	0	0	1	1	1.000000	1.000000	1.000000	0.500000	0.000000	0.500000	1.000000	1.000000	1.000000	0.500000	0.000000	0.500000	1.000000	0.500000	0.000000	0.000000	1.000000	0.000000	1.000000	1.000000
schweizer cup	TEAM2_SCORE_FT	4	4	0	1.000000	4	4	4.000000	1.500000	0	0	0	3	1	1.000000	1.000000	1.000000	0.250000	0.000000	0.750000	1.000000	1.000000	1.000000	0.750000	0.000000	0.250000	1.000000	0.500000	0.500000	0.250000	0.250000	0.750000	0.968750	0.990625
taça da liga	TEAM1_SCORE_FT	2	2	0	1.000000	2	2	3.500000	1.500000	0	0	0	1	1	1.000000	1.000000	1.000000	0.500000	0.000000	0.500000	1.000000	1.000000	1.000000	0.500000	0.000000	0.500000	1.000000	0.500000	0.000000	0.000000	1.000000	0.000000	0.937500	0.981250
taça de portugal	HT1X_HOME	6	6	0	1.000000	6	6	2.500000	1.000000	0	2	1	1	2	1.000000	0.666667	0.500000	0.333333	0.166667	0.166667	1.000000	0.666667	0.666667	0.666667	0.333333	0.000000	0.833333	0.166667	0.666667	0.333333	0.000000	1.000000	0.933333	0.980000
taça de portugal	TEAM1_SCORE_FT	6	6	0	1.000000	6	6	2.500000	1.000000	0	2	1	1	2	1.000000	0.666667	0.500000	0.333333	0.166667	0.166667	1.000000	0.666667	0.666667	0.666667	0.333333	0.000000	0.833333	0.166667	0.666667	0.333333	0.000000	1.000000	0.925521	0.977656
dfb pokal	O15_FT	4	4	0	1.000000	4	4	2.500000	0.250000	0	0	2	2	0	1.000000	1.000000	0.500000	0.000000	0.500000	0.500000	0.750000	0.500000	0.250000	0.500000	0.250000	0.250000	0.250000	0.000000	0.250000	0.750000	0.000000	1.000000	0.923438	0.977031
dfb pokal	HT1X_HOME	4	4	0	1.000000	4	4	2.500000	0.250000	0	0	2	2	0	1.000000	1.000000	0.500000	0.000000	0.500000	0.500000	0.750000	0.500000	0.250000	0.500000	0.250000	0.250000	0.250000	0.000000	0.250000	0.750000	0.000000	1.000000	0.793750	0.938125
uefa champions league	O15_FT	68	62	6	0.911765	68	68	3.735294	1.661765	2	4	15	15	32	0.970588	0.911765	0.691176	0.470588	0.220588	0.220588	0.882353	0.705882	0.617647	0.558824	0.132353	0.308824	0.750000	0.573529	0.426471	0.411765	0.161765	0.838235	0.942647	0.921029
super league switzerland	O15_FT	71	64	7	0.901408	71	71	3.281690	1.422535	3	4	18	22	24	0.957746	0.901408	0.647887	0.338028	0.253521	0.309859	0.901408	0.802817	0.746479	0.408451	0.295775	0.295775	0.788732	0.394366	0.380282	0.352113	0.267606	0.732394	0.935915	0.911761
super league switzerland	TEAM1_SCORE_FT	71	64	7	0.901408	71	71	3.281690	1.422535	3	4	18	22	24	0.957746	0.901408	0.647887	0.338028	0.253521	0.309859	0.901408	0.802817	0.746479	0.408451	0.295775	0.295775	0.788732	0.394366	0.380282	0.352113	0.267606	0.732394	0.919718	0.906901
uefa champions league	TEAM1_SCORE_FT	68	60	8	0.882353	68	68	3.735294	1.661765	2	4	15	15	32	0.970588	0.911765	0.691176	0.470588	0.220588	0.220588	0.882353	0.705882	0.617647	0.558824	0.132353	0.308824	0.750000	0.573529	0.426471	0.411765	0.161765	0.838235	0.929412	0.896471
scottish cup	TEAM1_SCORE_FT	26	23	3	0.884615	26	26	2.884615	1.192308	2	2	8	7	7	0.923077	0.846154	0.538462	0.269231	0.307692	0.269231	0.884615	0.576923	0.538462	0.538462	0.269231	0.192308	0.653846	0.346154	0.423077	0.423077	0.153846	0.846154	0.911178	0.892584
eredivisie	TEAM1_SCORE_FT	96	85	11	0.885417	96	96	3.093750	1.479167	4	8	23	24	37	0.958333	0.875000	0.635417	0.385417	0.239583	0.250000	0.885417	0.750000	0.677083	0.437500	0.291667	0.270833	0.760417	0.468750	0.416667	0.343750	0.239583	0.760417	0.906738	0.891813
belgian cup	HT05	8	7	1	0.875000	8	8	2.250000	1.500000	1	2	2	1	2	0.875000	0.625000	0.375000	0.250000	0.250000	0.125000	0.500000	0.625000	0.250000	0.500000	0.125000	0.375000	0.875000	0.625000	0.250000	0.375000	0.375000	0.625000	0.918750	0.888125
uefa wc qualifiers	O15_FT	8	7	1	0.875000	8	8	3.375000	1.000000	0	1	2	1	4	1.000000	0.875000	0.625000	0.500000	0.250000	0.125000	1.000000	0.625000	0.625000	0.500000	0.250000	0.250000	0.500000	0.250000	0.125000	0.500000	0.375000	0.625000	0.918750	0.888125
eredivisie	O15_FT	96	84	12	0.875000	96	96	3.093750	1.479167	4	8	23	24	37	0.958333	0.875000	0.635417	0.385417	0.239583	0.250000	0.885417	0.750000	0.677083	0.437500	0.291667	0.270833	0.760417	0.468750	0.416667	0.343750	0.239583	0.760417	0.907129	0.884639
international friendlies	TEAM2_SCORE_FT	9	8	1	0.888889	9	9	2.666667	1.555556	0	2	1	4	2	1.000000	0.777778	0.666667	0.222222	0.111111	0.444444	0.666667	0.888889	0.555556	0.111111	0.222222	0.666667	1.000000	0.333333	0.222222	0.111111	0.666667	0.333333	0.852778	0.878056
bundesliga	TEAM1_SCORE_FT	106	92	14	0.867925	106	106	3.226415	1.396226	3	14	21	26	42	0.971698	0.839623	0.641509	0.396226	0.198113	0.245283	0.867925	0.726415	0.622642	0.471698	0.254717	0.273585	0.764151	0.405660	0.396226	0.396226	0.207547	0.792453	0.899528	0.877406
2. bundesliga	TEAM1_SCORE_FT	87	76	11	0.873563	87	87	3.091954	1.448276	5	9	19	22	32	0.942529	0.839080	0.620690	0.367816	0.218391	0.252874	0.873563	0.758621	0.689655	0.425287	0.298851	0.275862	0.758621	0.367816	0.367816	0.333333	0.298851	0.701149	0.884591	0.876871
bundesliga	O15_FT	106	89	17	0.839623	106	106	3.226415	1.396226	3	14	21	26	42	0.971698	0.839623	0.641509	0.396226	0.198113	0.245283	0.867925	0.726415	0.622642	0.471698	0.254717	0.273585	0.764151	0.405660	0.396226	0.396226	0.207547	0.792453	0.895755	0.856462
2. bundesliga	O15_FT	87	73	14	0.839080	87	87	3.091954	1.448276	5	9	19	22	32	0.942529	0.839080	0.620690	0.367816	0.218391	0.252874	0.873563	0.758621	0.689655	0.425287	0.298851	0.275862	0.758621	0.367816	0.367816	0.333333	0.298851	0.701149	0.883585	0.852432
scottish cup	O15_FT	26	22	4	0.846154	26	26	2.884615	1.192308	2	2	8	7	7	0.923077	0.846154	0.538462	0.269231	0.307692	0.269231	0.884615	0.576923	0.538462	0.538462	0.269231	0.192308	0.653846	0.346154	0.423077	0.423077	0.153846	0.846154	0.865505	0.851959
laliga	O15_FT	114	96	18	0.842105	114	114	2.938596	1.192982	3	15	31	31	34	0.973684	0.842105	0.570175	0.298246	0.271930	0.271930	0.833333	0.807018	0.666667	0.491228	0.254386	0.254386	0.710526	0.333333	0.377193	0.412281	0.210526	0.789474	0.868777	0.850107
schweizer cup	O25_FT	4	4	0	1.000000	4	4	4.000000	1.500000	0	0	0	3	1	1.000000	1.000000	1.000000	0.250000	0.000000	0.750000	1.000000	1.000000	1.000000	0.750000	0.000000	0.250000	1.000000	0.500000	0.500000	0.250000	0.250000	0.750000	0.500000	0.850000
taça da liga	O25_FT	2	2	0	1.000000	2	2	3.500000	1.500000	0	0	0	1	1	1.000000	1.000000	1.000000	0.500000	0.000000	0.500000	1.000000	1.000000	1.000000	0.500000	0.000000	0.500000	1.000000	0.500000	0.000000	0.000000	1.000000	0.000000	0.500000	0.850000
superligaen	TEAM2_SCORE_FT	53	45	8	0.849057	53	53	2.754717	1.188679	2	9	13	12	17	0.962264	0.792453	0.547170	0.320755	0.245283	0.226415	0.773585	0.849057	0.660377	0.320755	0.301887	0.377358	0.660377	0.358491	0.150943	0.471698	0.377358	0.622642	0.824882	0.841804
coupe de france	O15_FT	28	23	5	0.821429	28	28	3.178571	1.250000	3	2	6	5	12	0.892857	0.821429	0.607143	0.428571	0.214286	0.178571	0.642857	0.714286	0.464286	0.285714	0.250000	0.464286	0.714286	0.321429	0.178571	0.392857	0.428571	0.571429	0.881585	0.839475
liga pro ecuador	HT1X_HOME	47	41	6	0.872340	47	47	1.808511	0.829787	7	12	17	7	4	0.851064	0.595745	0.234043	0.085106	0.361702	0.148936	0.702128	0.595745	0.446809	0.404255	0.404255	0.191489	0.531915	0.234043	0.297872	0.574468	0.127660	0.872340	0.762766	0.839468
laliga	TEAM1_SCORE_FT	114	95	19	0.833333	114	114	2.938596	1.192982	3	15	31	31	34	0.973684	0.842105	0.570175	0.298246	0.271930	0.271930	0.833333	0.807018	0.666667	0.491228	0.254386	0.254386	0.710526	0.333333	0.377193	0.412281	0.210526	0.789474	0.853755	0.839460
scottish cup	HT1X_HOME	26	22	4	0.846154	26	26	2.884615	1.192308	2	2	8	7	7	0.923077	0.846154	0.538462	0.269231	0.307692	0.269231	0.884615	0.576923	0.538462	0.538462	0.269231	0.192308	0.653846	0.346154	0.423077	0.423077	0.153846	0.846154	0.802885	0.833173
copa del rey	O15_FT	16	13	3	0.812500	16	16	3.187500	1.625000	0	3	3	4	6	1.000000	0.812500	0.625000	0.375000	0.187500	0.250000	0.687500	0.750000	0.437500	0.375000	0.062500	0.562500	0.625000	0.500000	0.187500	0.562500	0.250000	0.750000	0.876758	0.831777
fa cup	TEAM2_SCORE_FT	56	46	10	0.821429	56	56	3.535714	1.339286	1	11	6	11	27	0.982143	0.785714	0.678571	0.482143	0.107143	0.196429	0.803571	0.821429	0.642857	0.410714	0.142857	0.446429	0.785714	0.339286	0.482143	0.250000	0.267857	0.732143	0.850446	0.830134
uefa champions league	HT1X_HOME	68	57	11	0.838235	68	68	3.735294	1.661765	2	4	15	15	32	0.970588	0.911765	0.691176	0.470588	0.220588	0.220588	0.882353	0.705882	0.617647	0.558824	0.132353	0.308824	0.750000	0.573529	0.426471	0.411765	0.161765	0.838235	0.790074	0.823787
fa cup	TEAM1_SCORE_FT	56	45	11	0.803571	56	56	3.535714	1.339286	1	11	6	11	27	0.982143	0.785714	0.678571	0.482143	0.107143	0.196429	0.803571	0.821429	0.642857	0.410714	0.142857	0.446429	0.785714	0.339286	0.482143	0.250000	0.267857	0.732143	0.866518	0.822455
taça de portugal	HT05	6	5	1	0.833333	6	6	2.500000	1.000000	0	2	1	1	2	1.000000	0.666667	0.500000	0.333333	0.166667	0.166667	1.000000	0.666667	0.666667	0.666667	0.333333	0.000000	0.833333	0.166667	0.666667	0.333333	0.000000	1.000000	0.791667	0.820833
primera a colombia	HT1X_HOME	100	84	16	0.840000	100	100	2.510000	1.080000	13	12	27	27	21	0.870000	0.750000	0.480000	0.210000	0.270000	0.270000	0.790000	0.620000	0.540000	0.460000	0.360000	0.180000	0.680000	0.300000	0.400000	0.440000	0.160000	0.840000	0.773500	0.820050
mls	TEAM1_SCORE_FT	73	58	15	0.794521	73	73	3.013699	1.452055	6	13	11	17	26	0.917808	0.739726	0.589041	0.356164	0.150685	0.232877	0.794521	0.630137	0.506849	0.547945	0.178082	0.273973	0.726027	0.410959	0.383562	0.369863	0.246575	0.753425	0.859418	0.813990
super league switzerland	HT05	71	56	15	0.788732	71	71	3.281690	1.422535	3	4	18	22	24	0.957746	0.901408	0.647887	0.338028	0.253521	0.309859	0.901408	0.802817	0.746479	0.408451	0.295775	0.295775	0.788732	0.394366	0.380282	0.352113	0.267606	0.732394	0.862676	0.810915
fa cup	O15_FT	56	44	12	0.785714	56	56	3.535714	1.339286	1	11	6	11	27	0.982143	0.785714	0.678571	0.482143	0.107143	0.196429	0.803571	0.821429	0.642857	0.410714	0.142857	0.446429	0.785714	0.339286	0.482143	0.250000	0.267857	0.732143	0.860714	0.808214
league cup	O15_FT	5	4	1	0.800000	5	5	2.800000	0.800000	0	1	2	0	2	1.000000	0.800000	0.400000	0.400000	0.400000	0.000000	0.600000	0.800000	0.400000	0.400000	0.000000	0.600000	0.400000	0.200000	0.200000	0.600000	0.200000	0.800000	0.826250	0.807875
super league switzerland	TEAM2_SCORE_FT	71	57	14	0.802817	71	71	3.281690	1.422535	3	4	18	22	24	0.957746	0.901408	0.647887	0.338028	0.253521	0.309859	0.901408	0.802817	0.746479	0.408451	0.295775	0.295775	0.788732	0.394366	0.380282	0.352113	0.267606	0.732394	0.813028	0.805880
super lig	HT1X_HOME	81	67	14	0.827160	81	81	2.567901	1.074074	9	13	14	22	23	0.888889	0.728395	0.555556	0.283951	0.172840	0.271605	0.753086	0.679012	0.543210	0.444444	0.283951	0.271605	0.641975	0.333333	0.333333	0.493827	0.172840	0.827160	0.750000	0.804012
fa cup	HT05	56	44	12	0.785714	56	56	3.535714	1.339286	1	11	6	11	27	0.982143	0.785714	0.678571	0.482143	0.107143	0.196429	0.803571	0.821429	0.642857	0.410714	0.142857	0.446429	0.785714	0.339286	0.482143	0.250000	0.267857	0.732143	0.845536	0.803661
league cup	TEAM2_SCORE_FT	5	4	1	0.800000	5	5	2.800000	0.800000	0	1	2	0	2	1.000000	0.800000	0.400000	0.400000	0.400000	0.000000	0.600000	0.800000	0.400000	0.400000	0.000000	0.600000	0.400000	0.200000	0.200000	0.600000	0.200000	0.800000	0.811250	0.803375
premiership	TEAM1_SCORE_FT	69	55	14	0.797101	69	69	2.797101	1.202899	5	13	18	10	23	0.927536	0.739130	0.478261	0.333333	0.260870	0.144928	0.797101	0.623188	0.492754	0.478261	0.260870	0.260870	0.724638	0.318841	0.405797	0.391304	0.202899	0.797101	0.817708	0.803284
saudi arabia	O15_FT	131	103	28	0.786260	131	131	2.969466	1.221374	5	23	30	23	50	0.961832	0.786260	0.557252	0.381679	0.229008	0.175573	0.793893	0.709924	0.541985	0.473282	0.221374	0.305344	0.717557	0.335878	0.297710	0.412214	0.290076	0.709924	0.835854	0.801138
saudi arabia	TEAM1_SCORE_FT	131	104	27	0.793893	131	131	2.969466	1.221374	5	23	30	23	50	0.961832	0.786260	0.557252	0.381679	0.229008	0.175573	0.793893	0.709924	0.541985	0.473282	0.221374	0.305344	0.717557	0.335878	0.297710	0.412214	0.290076	0.709924	0.815911	0.800499
superligaen	O15_FT	53	42	11	0.792453	53	53	2.754717	1.188679	2	9	13	12	17	0.962264	0.792453	0.547170	0.320755	0.245283	0.226415	0.773585	0.849057	0.660377	0.320755	0.301887	0.377358	0.660377	0.358491	0.150943	0.471698	0.377358	0.622642	0.816392	0.799634
laliga	TEAM2_SCORE_FT	114	92	22	0.807018	114	114	2.938596	1.192982	3	15	31	31	34	0.973684	0.842105	0.570175	0.298246	0.271930	0.271930	0.833333	0.807018	0.666667	0.491228	0.254386	0.254386	0.710526	0.333333	0.377193	0.412281	0.210526	0.789474	0.773273	0.796894
liga portugal	TEAM1_SCORE_FT	95	75	20	0.789474	95	95	2.736842	1.136842	7	17	13	31	27	0.926316	0.747368	0.610526	0.284211	0.136842	0.326316	0.789474	0.642105	0.505263	0.484211	0.252632	0.263158	0.652632	0.305263	0.315789	0.442105	0.242105	0.757895	0.808553	0.795197
serie b	TEAM1_SCORE_FT	137	109	28	0.795620	137	137	2.686131	1.160584	11	19	29	40	38	0.919708	0.781022	0.569343	0.277372	0.211679	0.291971	0.795620	0.678832	0.554745	0.445255	0.284672	0.270073	0.737226	0.350365	0.321168	0.416058	0.262774	0.737226	0.793978	0.795128
serie a brazil	HT1X_HOME	73	59	14	0.808219	73	73	2.260274	1.164384	8	20	18	14	13	0.890411	0.616438	0.369863	0.178082	0.246575	0.191781	0.726027	0.575342	0.410959	0.479452	0.273973	0.246575	0.767123	0.328767	0.369863	0.438356	0.191781	0.808219	0.750685	0.790959
bundesliga	HT05	106	81	25	0.764151	106	106	3.226415	1.396226	3	14	21	26	42	0.971698	0.839623	0.641509	0.396226	0.198113	0.245283	0.867925	0.726415	0.622642	0.471698	0.254717	0.273585	0.764151	0.405660	0.396226	0.396226	0.207547	0.792453	0.845755	0.788632
primera a colombia	TEAM1_SCORE_FT	100	79	21	0.790000	100	100	2.510000	1.080000	13	12	27	27	21	0.870000	0.750000	0.480000	0.210000	0.270000	0.270000	0.790000	0.620000	0.540000	0.460000	0.360000	0.180000	0.680000	0.300000	0.400000	0.440000	0.160000	0.840000	0.784156	0.788247
serie b	O15_FT	137	107	30	0.781022	137	137	2.686131	1.160584	11	19	29	40	38	0.919708	0.781022	0.569343	0.277372	0.211679	0.291971	0.795620	0.678832	0.554745	0.445255	0.284672	0.270073	0.737226	0.350365	0.321168	0.416058	0.262774	0.737226	0.801460	0.787153
laliga2	TEAM1_SCORE_FT	126	99	27	0.785714	126	126	2.714286	1.333333	8	22	30	34	32	0.936508	0.761905	0.523810	0.253968	0.238095	0.269841	0.785714	0.714286	0.563492	0.484127	0.222222	0.293651	0.730159	0.404762	0.325397	0.428571	0.246032	0.753968	0.787153	0.786146
eredivisie	HT05	96	73	23	0.760417	96	96	3.093750	1.479167	4	8	23	24	37	0.958333	0.875000	0.635417	0.385417	0.239583	0.250000	0.885417	0.750000	0.677083	0.437500	0.291667	0.270833	0.760417	0.468750	0.416667	0.343750	0.239583	0.760417	0.844271	0.785573
2. bundesliga	HT05	87	66	21	0.758621	87	87	3.091954	1.448276	5	9	19	22	32	0.942529	0.839080	0.620690	0.367816	0.218391	0.252874	0.873563	0.758621	0.689655	0.425287	0.298851	0.275862	0.758621	0.367816	0.367816	0.333333	0.298851	0.701149	0.843103	0.783966
international friendlies	O15_FT	9	7	2	0.777778	9	9	2.666667	1.555556	0	2	1	4	2	1.000000	0.777778	0.666667	0.222222	0.111111	0.444444	0.666667	0.888889	0.555556	0.111111	0.222222	0.666667	1.000000	0.333333	0.222222	0.111111	0.666667	0.333333	0.797222	0.783611
uefa europa league	TEAM1_SCORE_FT	68	53	15	0.779412	68	68	2.647059	1.279412	1	20	17	11	19	0.985294	0.691176	0.441176	0.279412	0.250000	0.161765	0.779412	0.676471	0.470588	0.500000	0.191176	0.308824	0.720588	0.352941	0.323529	0.338235	0.338235	0.661765	0.786581	0.781562
premiership	HT1X_HOME	69	55	14	0.797101	69	69	2.797101	1.202899	5	13	18	10	23	0.927536	0.739130	0.478261	0.333333	0.260870	0.144928	0.797101	0.623188	0.492754	0.478261	0.260870	0.260870	0.724638	0.318841	0.405797	0.391304	0.202899	0.797101	0.742754	0.780797
bundesliga	HT1X_HOME	106	84	22	0.792453	106	106	3.226415	1.396226	3	14	21	26	42	0.971698	0.839623	0.641509	0.396226	0.198113	0.245283	0.867925	0.726415	0.622642	0.471698	0.254717	0.273585	0.764151	0.405660	0.396226	0.396226	0.207547	0.792453	0.750472	0.779858
liga portugal 2	HT1X_HOME	100	81	19	0.810000	100	100	2.410000	0.950000	10	29	13	26	22	0.900000	0.610000	0.480000	0.220000	0.130000	0.260000	0.710000	0.650000	0.460000	0.450000	0.220000	0.330000	0.590000	0.260000	0.290000	0.520000	0.190000	0.810000	0.708250	0.779475
premier league	O15_FT	119	92	27	0.773109	119	119	2.647059	1.176471	13	14	33	24	35	0.890756	0.773109	0.495798	0.294118	0.277311	0.201681	0.739496	0.731092	0.579832	0.352941	0.336134	0.310924	0.680672	0.310924	0.327731	0.403361	0.268908	0.731092	0.792043	0.778789
liga mx	TEAM1_SCORE_FT	99	77	22	0.777778	99	99	2.686869	1.252525	10	14	17	31	27	0.898990	0.757576	0.585859	0.272727	0.171717	0.313131	0.777778	0.676768	0.555556	0.434343	0.222222	0.343434	0.696970	0.363636	0.383838	0.393939	0.222222	0.777778	0.779482	0.778289
uefa champions league	HT05	68	51	17	0.750000	68	68	3.735294	1.661765	2	4	15	15	32	0.970588	0.911765	0.691176	0.470588	0.220588	0.220588	0.882353	0.705882	0.617647	0.558824	0.132353	0.308824	0.750000	0.573529	0.426471	0.411765	0.161765	0.838235	0.837500	0.776250
laliga	HT1X_HOME	114	90	24	0.789474	114	114	2.938596	1.192982	3	15	31	31	34	0.973684	0.842105	0.570175	0.298246	0.271930	0.271930	0.833333	0.807018	0.666667	0.491228	0.254386	0.254386	0.710526	0.333333	0.377193	0.412281	0.210526	0.789474	0.740351	0.774737
league cup	HT1X_HOME	5	4	1	0.800000	5	5	2.800000	0.800000	0	1	2	0	2	1.000000	0.800000	0.400000	0.400000	0.400000	0.000000	0.600000	0.800000	0.400000	0.400000	0.000000	0.600000	0.400000	0.200000	0.200000	0.600000	0.200000	0.800000	0.715000	0.774500
serie a brazil	HT05	73	56	17	0.767123	73	73	2.260274	1.164384	8	20	18	14	13	0.890411	0.616438	0.369863	0.178082	0.246575	0.191781	0.726027	0.575342	0.410959	0.479452	0.273973	0.246575	0.767123	0.328767	0.369863	0.438356	0.191781	0.808219	0.789726	0.773904
championship	O15_FT	178	137	41	0.769663	178	178	2.539326	1.157303	11	30	51	46	40	0.938202	0.769663	0.483146	0.224719	0.286517	0.258427	0.741573	0.691011	0.494382	0.404494	0.219101	0.376404	0.685393	0.365169	0.325843	0.421348	0.252809	0.747191	0.778020	0.772170
laliga2	O15_FT	126	96	30	0.761905	126	126	2.714286	1.333333	8	22	30	34	32	0.936508	0.761905	0.523810	0.253968	0.238095	0.269841	0.785714	0.714286	0.563492	0.484127	0.222222	0.293651	0.730159	0.404762	0.325397	0.428571	0.246032	0.753968	0.792113	0.770967
copa del rey	TEAM2_SCORE_FT	16	12	4	0.750000	16	16	3.187500	1.625000	0	3	3	4	6	1.000000	0.812500	0.625000	0.375000	0.187500	0.250000	0.687500	0.750000	0.437500	0.375000	0.062500	0.562500	0.625000	0.500000	0.187500	0.562500	0.250000	0.750000	0.810352	0.768105
ligue 2	HT1X_HOME	97	77	20	0.793814	97	97	2.350515	1.041237	16	19	19	23	20	0.835052	0.639175	0.443299	0.206186	0.195876	0.237113	0.649485	0.649485	0.463918	0.381443	0.319588	0.298969	0.608247	0.268041	0.298969	0.494845	0.206186	0.793814	0.706701	0.767680
superligaen	TEAM1_SCORE_FT	53	41	12	0.773585	53	53	2.754717	1.188679	2	9	13	12	17	0.962264	0.792453	0.547170	0.320755	0.245283	0.226415	0.773585	0.849057	0.660377	0.320755	0.301887	0.377358	0.660377	0.358491	0.150943	0.471698	0.377358	0.622642	0.751297	0.766899
liga mx	O15_FT	99	75	24	0.757576	99	99	2.686869	1.252525	10	14	17	31	27	0.898990	0.757576	0.585859	0.272727	0.171717	0.313131	0.777778	0.676768	0.555556	0.434343	0.222222	0.343434	0.696970	0.363636	0.383838	0.393939	0.222222	0.777778	0.786301	0.766193
pro league	O15_FT	76	57	19	0.750000	76	76	2.815789	1.315789	7	12	17	16	24	0.907895	0.750000	0.526316	0.315789	0.223684	0.210526	0.723684	0.710526	0.526316	0.381579	0.223684	0.394737	0.710526	0.381579	0.289474	0.394737	0.315789	0.684211	0.795477	0.763643
2. bundesliga	TEAM2_SCORE_FT	87	66	21	0.758621	87	87	3.091954	1.448276	5	9	19	22	32	0.942529	0.839080	0.620690	0.367816	0.218391	0.252874	0.873563	0.758621	0.689655	0.425287	0.298851	0.275862	0.758621	0.367816	0.367816	0.333333	0.298851	0.701149	0.771085	0.762360
schweizer cup	HT1X_HOME	4	3	1	0.750000	4	4	4.000000	1.500000	0	0	0	3	1	1.000000	1.000000	1.000000	0.250000	0.000000	0.750000	1.000000	1.000000	1.000000	0.750000	0.000000	0.250000	1.000000	0.500000	0.500000	0.250000	0.250000	0.750000	0.787500	0.761250
liga profesional argentina	HT1X_HOME	143	113	30	0.790210	143	143	1.825175	0.825175	30	34	37	26	16	0.790210	0.552448	0.293706	0.111888	0.258741	0.181818	0.671329	0.517483	0.398601	0.384615	0.384615	0.230769	0.559441	0.209790	0.286713	0.503497	0.209790	0.790210	0.693531	0.761206
mls	O15_FT	73	54	19	0.739726	73	73	3.013699	1.452055	6	13	11	17	26	0.917808	0.739726	0.589041	0.356164	0.150685	0.232877	0.794521	0.630137	0.506849	0.547945	0.178082	0.273973	0.726027	0.410959	0.383562	0.369863	0.246575	0.753425	0.810445	0.760942
liga mx	HT1X_HOME	99	77	22	0.777778	99	99	2.686869	1.252525	10	14	17	31	27	0.898990	0.757576	0.585859	0.272727	0.171717	0.313131	0.777778	0.676768	0.555556	0.434343	0.222222	0.343434	0.696970	0.363636	0.383838	0.393939	0.222222	0.777778	0.716414	0.759369
serie a italia	O15_FT	125	94	31	0.752000	125	125	2.624000	1.048000	7	24	31	30	33	0.944000	0.752000	0.504000	0.264000	0.248000	0.240000	0.744000	0.688000	0.488000	0.424000	0.240000	0.336000	0.688000	0.280000	0.312000	0.408000	0.280000	0.720000	0.775800	0.759140
liga portugal	O15_FT	95	71	24	0.747368	95	95	2.736842	1.136842	7	17	13	31	27	0.926316	0.747368	0.610526	0.284211	0.136842	0.326316	0.789474	0.642105	0.505263	0.484211	0.252632	0.263158	0.652632	0.305263	0.315789	0.442105	0.242105	0.757895	0.785132	0.758697
mls	HT05	73	53	20	0.726027	73	73	3.013699	1.452055	6	13	11	17	26	0.917808	0.739726	0.589041	0.356164	0.150685	0.232877	0.794521	0.630137	0.506849	0.547945	0.178082	0.273973	0.726027	0.410959	0.383562	0.369863	0.246575	0.753425	0.821918	0.754795
schweizer cup	TEAM1_WIN_FT	4	3	1	0.750000	4	4	4.000000	1.500000	0	0	0	3	1	1.000000	1.000000	1.000000	0.250000	0.000000	0.750000	1.000000	1.000000	1.000000	0.750000	0.000000	0.250000	1.000000	0.500000	0.500000	0.250000	0.250000	0.750000	0.762500	0.753750
primera a colombia	O15_FT	100	75	25	0.750000	100	100	2.510000	1.080000	13	12	27	27	21	0.870000	0.750000	0.480000	0.210000	0.270000	0.270000	0.790000	0.620000	0.540000	0.460000	0.360000	0.180000	0.680000	0.300000	0.400000	0.440000	0.160000	0.840000	0.762031	0.753609
laliga2	HT05	126	92	34	0.730159	126	126	2.714286	1.333333	8	22	30	34	32	0.936508	0.761905	0.523810	0.253968	0.238095	0.269841	0.785714	0.714286	0.563492	0.484127	0.222222	0.293651	0.730159	0.404762	0.325397	0.428571	0.246032	0.753968	0.807937	0.753492
premiership	O15_FT	69	51	18	0.739130	69	69	2.797101	1.202899	5	13	18	10	23	0.927536	0.739130	0.478261	0.333333	0.260870	0.144928	0.797101	0.623188	0.492754	0.478261	0.260870	0.260870	0.724638	0.318841	0.405797	0.391304	0.202899	0.797101	0.786368	0.753302
super lig	TEAM1_SCORE_FT	81	61	20	0.753086	81	81	2.567901	1.074074	9	13	14	22	23	0.888889	0.728395	0.555556	0.283951	0.172840	0.271605	0.753086	0.679012	0.543210	0.444444	0.283951	0.271605	0.641975	0.333333	0.333333	0.493827	0.172840	0.827160	0.752778	0.752994
dfb pokal	TEAM1_SCORE_FT	4	3	1	0.750000	4	4	2.500000	0.250000	0	0	2	2	0	1.000000	1.000000	0.500000	0.000000	0.500000	0.500000	0.750000	0.500000	0.250000	0.500000	0.250000	0.250000	0.250000	0.000000	0.250000	0.750000	0.000000	1.000000	0.754687	0.751406
eredivisie	HT1X_HOME	96	73	23	0.760417	96	96	3.093750	1.479167	4	8	23	24	37	0.958333	0.875000	0.635417	0.385417	0.239583	0.250000	0.885417	0.750000	0.677083	0.437500	0.291667	0.270833	0.760417	0.468750	0.416667	0.343750	0.239583	0.760417	0.729167	0.751042
eredivisie	TEAM2_SCORE_FT	96	72	24	0.750000	96	96	3.093750	1.479167	4	8	23	24	37	0.958333	0.875000	0.635417	0.385417	0.239583	0.250000	0.885417	0.750000	0.677083	0.437500	0.291667	0.270833	0.760417	0.468750	0.416667	0.343750	0.239583	0.760417	0.751270	0.750381
coupe de france	TEAM2_SCORE_FT	28	20	8	0.714286	28	28	3.178571	1.250000	3	2	6	5	12	0.892857	0.821429	0.607143	0.428571	0.214286	0.178571	0.642857	0.714286	0.464286	0.285714	0.250000	0.464286	0.714286	0.321429	0.178571	0.392857	0.428571	0.571429	0.827567	0.748270
serie b	HT05	137	101	36	0.737226	137	137	2.686131	1.160584	11	19	29	40	38	0.919708	0.781022	0.569343	0.277372	0.211679	0.291971	0.795620	0.678832	0.554745	0.445255	0.284672	0.270073	0.737226	0.350365	0.321168	0.416058	0.262774	0.737226	0.769343	0.746861
serie a italia	TEAM1_SCORE_FT	125	93	32	0.744000	125	125	2.624000	1.048000	7	24	31	30	33	0.944000	0.752000	0.504000	0.264000	0.248000	0.240000	0.744000	0.688000	0.488000	0.424000	0.240000	0.336000	0.688000	0.280000	0.312000	0.408000	0.280000	0.720000	0.748400	0.745320
mls	HT1X_HOME	73	55	18	0.753425	73	73	3.013699	1.452055	6	13	11	17	26	0.917808	0.739726	0.589041	0.356164	0.150685	0.232877	0.794521	0.630137	0.506849	0.547945	0.178082	0.273973	0.726027	0.410959	0.383562	0.369863	0.246575	0.753425	0.723630	0.744486
uefa europa league	HT05	68	49	19	0.720588	68	68	2.647059	1.279412	1	20	17	11	19	0.985294	0.691176	0.441176	0.279412	0.250000	0.161765	0.779412	0.676471	0.470588	0.500000	0.191176	0.308824	0.720588	0.352941	0.323529	0.338235	0.338235	0.661765	0.788235	0.740882
premier league	TEAM1_SCORE_FT	119	88	31	0.739496	119	119	2.647059	1.176471	13	14	33	24	35	0.890756	0.773109	0.495798	0.294118	0.277311	0.201681	0.739496	0.731092	0.579832	0.352941	0.336134	0.310924	0.680672	0.310924	0.327731	0.403361	0.268908	0.731092	0.742148	0.740291
liga portugal	HT1X_HOME	95	72	23	0.757895	95	95	2.736842	1.136842	7	17	13	31	27	0.926316	0.747368	0.610526	0.284211	0.136842	0.326316	0.789474	0.642105	0.505263	0.484211	0.252632	0.263158	0.652632	0.305263	0.315789	0.442105	0.242105	0.757895	0.696053	0.739342
premiership	HT05	69	50	19	0.724638	69	69	2.797101	1.202899	5	13	18	10	23	0.927536	0.739130	0.478261	0.333333	0.260870	0.144928	0.797101	0.623188	0.492754	0.478261	0.260870	0.260870	0.724638	0.318841	0.405797	0.391304	0.202899	0.797101	0.771739	0.738768
championship	TEAM1_SCORE_FT	178	132	46	0.741573	178	178	2.539326	1.157303	11	30	51	46	40	0.938202	0.769663	0.483146	0.224719	0.286517	0.258427	0.741573	0.691011	0.494382	0.404494	0.219101	0.376404	0.685393	0.365169	0.325843	0.421348	0.252809	0.747191	0.731812	0.738645
laliga2	HT1X_HOME	126	95	31	0.753968	126	126	2.714286	1.333333	8	22	30	34	32	0.936508	0.761905	0.523810	0.253968	0.238095	0.269841	0.785714	0.714286	0.563492	0.484127	0.222222	0.293651	0.730159	0.404762	0.325397	0.428571	0.246032	0.753968	0.696825	0.736825
bundesliga	TEAM2_SCORE_FT	106	77	29	0.726415	106	106	3.226415	1.396226	3	14	21	26	42	0.971698	0.839623	0.641509	0.396226	0.198113	0.245283	0.867925	0.726415	0.622642	0.471698	0.254717	0.273585	0.764151	0.405660	0.396226	0.396226	0.207547	0.792453	0.760377	0.736604
super lig	O15_FT	81	59	22	0.728395	81	81	2.567901	1.074074	9	13	14	22	23	0.888889	0.728395	0.555556	0.283951	0.172840	0.271605	0.753086	0.679012	0.543210	0.444444	0.283951	0.271605	0.641975	0.333333	0.333333	0.493827	0.172840	0.827160	0.754321	0.736173
pro league	HT05	76	54	22	0.710526	76	76	2.815789	1.315789	7	12	17	16	24	0.907895	0.750000	0.526316	0.315789	0.223684	0.210526	0.723684	0.710526	0.526316	0.381579	0.223684	0.394737	0.710526	0.381579	0.289474	0.394737	0.315789	0.684211	0.790789	0.734605
saudi arabia	HT05	131	94	37	0.717557	131	131	2.969466	1.221374	5	23	30	23	50	0.961832	0.786260	0.557252	0.381679	0.229008	0.175573	0.793893	0.709924	0.541985	0.473282	0.221374	0.305344	0.717557	0.335878	0.297710	0.412214	0.290076	0.709924	0.771756	0.733817
coupe de france	HT05	28	20	8	0.714286	28	28	3.178571	1.250000	3	2	6	5	12	0.892857	0.821429	0.607143	0.428571	0.214286	0.178571	0.642857	0.714286	0.464286	0.285714	0.250000	0.464286	0.714286	0.321429	0.178571	0.392857	0.428571	0.571429	0.776786	0.733036
fa cup	HT1X_HOME	56	41	15	0.732143	56	56	3.535714	1.339286	1	11	6	11	27	0.982143	0.785714	0.678571	0.482143	0.107143	0.196429	0.803571	0.821429	0.642857	0.410714	0.142857	0.446429	0.785714	0.339286	0.482143	0.250000	0.267857	0.732143	0.724554	0.729866
championship	HT1X_HOME	178	133	45	0.747191	178	178	2.539326	1.157303	11	30	51	46	40	0.938202	0.769663	0.483146	0.224719	0.286517	0.258427	0.741573	0.691011	0.494382	0.404494	0.219101	0.376404	0.685393	0.365169	0.325843	0.421348	0.252809	0.747191	0.688764	0.729663
cup	HT1X_HOME	4	3	1	0.750000	4	4	1.750000	0.750000	2	0	0	1	1	0.500000	0.500000	0.500000	0.250000	0.000000	0.250000	0.500000	0.250000	0.250000	0.250000	0.750000	0.000000	0.500000	0.250000	0.250000	0.500000	0.250000	0.750000	0.681250	0.729375
cymru premier league	O15_FT	50	36	14	0.720000	50	50	2.540000	1.040000	5	9	13	10	13	0.900000	0.720000	0.460000	0.260000	0.260000	0.200000	0.680000	0.720000	0.500000	0.360000	0.260000	0.380000	0.640000	0.240000	0.280000	0.420000	0.300000	0.700000	0.745812	0.727744
premier league	TEAM2_SCORE_FT	119	87	32	0.731092	119	119	2.647059	1.176471	13	14	33	24	35	0.890756	0.773109	0.495798	0.294118	0.277311	0.201681	0.739496	0.731092	0.579832	0.352941	0.336134	0.310924	0.680672	0.310924	0.327731	0.403361	0.268908	0.731092	0.719249	0.727539
ligue 1	HT05	94	67	27	0.712766	94	94	2.659574	1.191489	10	17	21	16	30	0.893617	0.712766	0.489362	0.319149	0.223404	0.170213	0.712766	0.627660	0.446809	0.425532	0.234043	0.340426	0.712766	0.287234	0.372340	0.361702	0.265957	0.734043	0.761170	0.727287
pro league	TEAM1_SCORE_FT	76	55	21	0.723684	76	76	2.815789	1.315789	7	12	17	16	24	0.907895	0.750000	0.526316	0.315789	0.223684	0.210526	0.723684	0.710526	0.526316	0.381579	0.223684	0.394737	0.710526	0.381579	0.289474	0.394737	0.315789	0.684211	0.733964	0.726768
super league switzerland	HT1X_HOME	71	52	19	0.732394	71	71	3.281690	1.422535	3	4	18	22	24	0.957746	0.901408	0.647887	0.338028	0.253521	0.309859	0.901408	0.802817	0.746479	0.408451	0.295775	0.295775	0.788732	0.394366	0.380282	0.352113	0.267606	0.732394	0.712676	0.726479
copa del rey	HT1X_HOME	16	12	4	0.750000	16	16	3.187500	1.625000	0	3	3	4	6	1.000000	0.812500	0.625000	0.375000	0.187500	0.250000	0.687500	0.750000	0.437500	0.375000	0.062500	0.562500	0.625000	0.500000	0.187500	0.562500	0.250000	0.750000	0.668750	0.725625
laliga	HT05	114	81	33	0.710526	114	114	2.938596	1.192982	3	15	31	31	34	0.973684	0.842105	0.570175	0.298246	0.271930	0.271930	0.833333	0.807018	0.666667	0.491228	0.254386	0.254386	0.710526	0.333333	0.377193	0.412281	0.210526	0.789474	0.760088	0.725395
ligue 1	O15_FT	94	67	27	0.712766	94	94	2.659574	1.191489	10	17	21	16	30	0.893617	0.712766	0.489362	0.319149	0.223404	0.170213	0.712766	0.627660	0.446809	0.425532	0.234043	0.340426	0.712766	0.287234	0.372340	0.361702	0.265957	0.734043	0.754189	0.725193
serie b	HT1X_HOME	137	101	36	0.737226	137	137	2.686131	1.160584	11	19	29	40	38	0.919708	0.781022	0.569343	0.277372	0.211679	0.291971	0.795620	0.678832	0.554745	0.445255	0.284672	0.270073	0.737226	0.350365	0.321168	0.416058	0.262774	0.737226	0.686131	0.721898
serie a brazil	TEAM1_SCORE_FT	73	53	20	0.726027	73	73	2.260274	1.164384	8	20	18	14	13	0.890411	0.616438	0.369863	0.178082	0.246575	0.191781	0.726027	0.575342	0.410959	0.479452	0.273973	0.246575	0.767123	0.328767	0.369863	0.438356	0.191781	0.808219	0.711087	0.721545
uefa champions league	TEAM2_SCORE_FT	68	48	20	0.705882	68	68	3.735294	1.661765	2	4	15	15	32	0.970588	0.911765	0.691176	0.470588	0.220588	0.220588	0.882353	0.705882	0.617647	0.558824	0.132353	0.308824	0.750000	0.573529	0.426471	0.411765	0.161765	0.838235	0.757353	0.721324
pro league	TEAM2_SCORE_FT	76	54	22	0.710526	76	76	2.815789	1.315789	7	12	17	16	24	0.907895	0.750000	0.526316	0.315789	0.223684	0.210526	0.723684	0.710526	0.526316	0.381579	0.223684	0.394737	0.710526	0.381579	0.289474	0.394737	0.315789	0.684211	0.742516	0.720123
ligue 1	HT1X_HOME	94	69	25	0.734043	94	94	2.659574	1.191489	10	17	21	16	30	0.893617	0.712766	0.489362	0.319149	0.223404	0.170213	0.712766	0.627660	0.446809	0.425532	0.234043	0.340426	0.712766	0.287234	0.372340	0.361702	0.265957	0.734043	0.682979	0.718723
saudi arabia	TEAM2_SCORE_FT	131	93	38	0.709924	131	131	2.969466	1.221374	5	23	30	23	50	0.961832	0.786260	0.557252	0.381679	0.229008	0.175573	0.793893	0.709924	0.541985	0.473282	0.221374	0.305344	0.717557	0.335878	0.297710	0.412214	0.290076	0.709924	0.735949	0.717731
liga mx	HT05	99	69	30	0.696970	99	99	2.686869	1.252525	10	14	17	31	27	0.898990	0.757576	0.585859	0.272727	0.171717	0.313131	0.777778	0.676768	0.555556	0.434343	0.222222	0.343434	0.696970	0.363636	0.383838	0.393939	0.222222	0.777778	0.766162	0.717727
ligue 1	TEAM1_SCORE_FT	94	67	27	0.712766	94	94	2.659574	1.191489	10	17	21	16	30	0.893617	0.712766	0.489362	0.319149	0.223404	0.170213	0.712766	0.627660	0.446809	0.425532	0.234043	0.340426	0.712766	0.287234	0.372340	0.361702	0.265957	0.734043	0.726529	0.716895
cymru premier league	TEAM2_SCORE_FT	50	36	14	0.720000	50	50	2.540000	1.040000	5	9	13	10	13	0.900000	0.720000	0.460000	0.260000	0.260000	0.200000	0.680000	0.720000	0.500000	0.360000	0.260000	0.380000	0.640000	0.240000	0.280000	0.420000	0.300000	0.700000	0.706062	0.715819
primera división paraguay	HT1X_HOME	60	45	15	0.750000	60	60	2.016667	0.800000	8	19	17	6	10	0.866667	0.550000	0.266667	0.166667	0.283333	0.100000	0.550000	0.650000	0.333333	0.350000	0.283333	0.366667	0.500000	0.200000	0.150000	0.600000	0.250000	0.750000	0.633333	0.715000
premier league	HT1X_HOME	119	87	32	0.731092	119	119	2.647059	1.176471	13	14	33	24	35	0.890756	0.773109	0.495798	0.294118	0.277311	0.201681	0.739496	0.731092	0.579832	0.352941	0.336134	0.310924	0.680672	0.310924	0.327731	0.403361	0.268908	0.731092	0.676261	0.714643
czech first league	TEAM1_SCORE_FT	56	40	16	0.714286	56	56	2.392857	1.017857	8	9	15	11	13	0.857143	0.696429	0.428571	0.232143	0.267857	0.196429	0.714286	0.500000	0.357143	0.446429	0.267857	0.285714	0.642857	0.285714	0.285714	0.410714	0.303571	0.696429	0.714844	0.714453
laliga2	TEAM2_SCORE_FT	126	90	36	0.714286	126	126	2.714286	1.333333	8	22	30	34	32	0.936508	0.761905	0.523810	0.253968	0.238095	0.269841	0.785714	0.714286	0.563492	0.484127	0.222222	0.293651	0.730159	0.404762	0.325397	0.428571	0.246032	0.753968	0.706597	0.711979
liga portugal 2	TEAM1_SCORE_FT	100	71	29	0.710000	100	100	2.410000	0.950000	10	29	13	26	22	0.900000	0.610000	0.480000	0.220000	0.130000	0.260000	0.710000	0.650000	0.460000	0.450000	0.220000	0.330000	0.590000	0.260000	0.290000	0.520000	0.190000	0.810000	0.697719	0.706316
copa del rey	TEAM1_SCORE_FT	16	11	5	0.687500	16	16	3.187500	1.625000	0	3	3	4	6	1.000000	0.812500	0.625000	0.375000	0.187500	0.250000	0.687500	0.750000	0.437500	0.375000	0.062500	0.562500	0.625000	0.500000	0.187500	0.562500	0.250000	0.750000	0.749414	0.706074
uefa europa league	O15_FT	68	47	21	0.691176	68	68	2.647059	1.279412	1	20	17	11	19	0.985294	0.691176	0.441176	0.279412	0.250000	0.161765	0.779412	0.676471	0.470588	0.500000	0.191176	0.308824	0.720588	0.352941	0.323529	0.338235	0.338235	0.661765	0.738787	0.705460
serie a italia	HT1X_HOME	125	90	35	0.720000	125	125	2.624000	1.048000	7	24	31	30	33	0.944000	0.752000	0.504000	0.264000	0.248000	0.240000	0.744000	0.688000	0.488000	0.424000	0.240000	0.336000	0.688000	0.280000	0.312000	0.408000	0.280000	0.720000	0.667200	0.704160
czech first league	O15_FT	56	39	17	0.696429	56	56	2.392857	1.017857	8	9	15	11	13	0.857143	0.696429	0.428571	0.232143	0.267857	0.196429	0.714286	0.500000	0.357143	0.446429	0.267857	0.285714	0.642857	0.285714	0.285714	0.410714	0.303571	0.696429	0.714397	0.701819
championship	HT05	178	122	56	0.685393	178	178	2.539326	1.157303	11	30	51	46	40	0.938202	0.769663	0.483146	0.224719	0.286517	0.258427	0.741573	0.691011	0.494382	0.404494	0.219101	0.376404	0.685393	0.365169	0.325843	0.421348	0.252809	0.747191	0.734831	0.700225
premier league	HT05	119	81	38	0.680672	119	119	2.647059	1.176471	13	14	33	24	35	0.890756	0.773109	0.495798	0.294118	0.277311	0.201681	0.739496	0.731092	0.579832	0.352941	0.336134	0.310924	0.680672	0.310924	0.327731	0.403361	0.268908	0.731092	0.736555	0.697437
saudi arabia	HT1X_HOME	131	93	38	0.709924	131	131	2.969466	1.221374	5	23	30	23	50	0.961832	0.786260	0.557252	0.381679	0.229008	0.175573	0.793893	0.709924	0.541985	0.473282	0.221374	0.305344	0.717557	0.335878	0.297710	0.412214	0.290076	0.709924	0.660496	0.695095
serie a italia	HT05	125	86	39	0.688000	125	125	2.624000	1.048000	7	24	31	30	33	0.944000	0.752000	0.504000	0.264000	0.248000	0.240000	0.744000	0.688000	0.488000	0.424000	0.240000	0.336000	0.688000	0.280000	0.312000	0.408000	0.280000	0.720000	0.709200	0.694360
2. bundesliga	HT1X_HOME	87	61	26	0.701149	87	87	3.091954	1.448276	5	9	19	22	32	0.942529	0.839080	0.620690	0.367816	0.218391	0.252874	0.873563	0.758621	0.689655	0.425287	0.298851	0.275862	0.758621	0.367816	0.367816	0.333333	0.298851	0.701149	0.676724	0.693822
taça de portugal	TEAM1_WIN_FT	6	4	2	0.666667	6	6	2.500000	1.000000	0	2	1	1	2	1.000000	0.666667	0.500000	0.333333	0.166667	0.166667	1.000000	0.666667	0.666667	0.666667	0.333333	0.000000	0.833333	0.166667	0.666667	0.333333	0.000000	1.000000	0.750000	0.691667
primera a colombia	HT05	100	68	32	0.680000	100	100	2.510000	1.080000	13	12	27	27	21	0.870000	0.750000	0.480000	0.210000	0.270000	0.270000	0.790000	0.620000	0.540000	0.460000	0.360000	0.180000	0.680000	0.300000	0.400000	0.440000	0.160000	0.840000	0.712000	0.689600
championship	TEAM2_SCORE_FT	178	123	55	0.691011	178	178	2.539326	1.157303	11	30	51	46	40	0.938202	0.769663	0.483146	0.224719	0.286517	0.258427	0.741573	0.691011	0.494382	0.404494	0.219101	0.376404	0.685393	0.365169	0.325843	0.421348	0.252809	0.747191	0.683216	0.688673
serie a italia	TEAM2_SCORE_FT	125	86	39	0.688000	125	125	2.624000	1.048000	7	24	31	30	33	0.944000	0.752000	0.504000	0.264000	0.248000	0.240000	0.744000	0.688000	0.488000	0.424000	0.240000	0.336000	0.688000	0.280000	0.312000	0.408000	0.280000	0.720000	0.684800	0.687040
cymru premier league	TEAM1_SCORE_FT	50	34	16	0.680000	50	50	2.540000	1.040000	5	9	13	10	13	0.900000	0.720000	0.460000	0.260000	0.260000	0.200000	0.680000	0.720000	0.500000	0.360000	0.260000	0.380000	0.640000	0.240000	0.280000	0.420000	0.300000	0.700000	0.689562	0.682869
liga pro ecuador	TEAM1_SCORE_FT	47	33	14	0.702128	47	47	1.808511	0.829787	7	12	17	7	4	0.851064	0.595745	0.234043	0.085106	0.361702	0.148936	0.702128	0.595745	0.446809	0.404255	0.404255	0.191489	0.531915	0.234043	0.297872	0.574468	0.127660	0.872340	0.636370	0.682400
superligaen	HT05	53	35	18	0.660377	53	53	2.754717	1.188679	2	9	13	12	17	0.962264	0.792453	0.547170	0.320755	0.245283	0.226415	0.773585	0.849057	0.660377	0.320755	0.301887	0.377358	0.660377	0.358491	0.150943	0.471698	0.377358	0.622642	0.726415	0.680189
taça de portugal	O15_FT	6	4	2	0.666667	6	6	2.500000	1.000000	0	2	1	1	2	1.000000	0.666667	0.500000	0.333333	0.166667	0.166667	1.000000	0.666667	0.666667	0.666667	0.333333	0.000000	0.833333	0.166667	0.666667	0.333333	0.000000	1.000000	0.706771	0.678698
serie b	TEAM2_SCORE_FT	137	93	44	0.678832	137	137	2.686131	1.160584	11	19	29	40	38	0.919708	0.781022	0.569343	0.277372	0.211679	0.291971	0.795620	0.678832	0.554745	0.445255	0.284672	0.270073	0.737226	0.350365	0.321168	0.416058	0.262774	0.737226	0.678285	0.678668
czech first league	HT1X_HOME	56	39	17	0.696429	56	56	2.392857	1.017857	8	9	15	11	13	0.857143	0.696429	0.428571	0.232143	0.267857	0.196429	0.714286	0.500000	0.357143	0.446429	0.267857	0.285714	0.642857	0.285714	0.285714	0.410714	0.303571	0.696429	0.637054	0.678616
liga mx	TEAM2_SCORE_FT	99	67	32	0.676768	99	99	2.686869	1.252525	10	14	17	31	27	0.898990	0.757576	0.585859	0.272727	0.171717	0.313131	0.777778	0.676768	0.555556	0.434343	0.222222	0.343434	0.696970	0.363636	0.383838	0.393939	0.222222	0.777778	0.680997	0.678037
cymru premier league	HT1X_HOME	50	35	15	0.700000	50	50	2.540000	1.040000	5	9	13	10	13	0.900000	0.720000	0.460000	0.260000	0.260000	0.200000	0.680000	0.720000	0.500000	0.360000	0.260000	0.380000	0.640000	0.240000	0.280000	0.420000	0.300000	0.700000	0.626000	0.677800
super lig	TEAM2_SCORE_FT	81	55	26	0.679012	81	81	2.567901	1.074074	9	13	14	22	23	0.888889	0.728395	0.555556	0.283951	0.172840	0.271605	0.753086	0.679012	0.543210	0.444444	0.283951	0.271605	0.641975	0.333333	0.333333	0.493827	0.172840	0.827160	0.668210	0.675772
international friendlies	TEAM2_WIN_FT	9	6	3	0.666667	9	9	2.666667	1.555556	0	2	1	4	2	1.000000	0.777778	0.666667	0.222222	0.111111	0.444444	0.666667	0.888889	0.555556	0.111111	0.222222	0.666667	1.000000	0.333333	0.222222	0.111111	0.666667	0.333333	0.694444	0.675000
scottish cup	HT05	26	17	9	0.653846	26	26	2.884615	1.192308	2	2	8	7	7	0.923077	0.846154	0.538462	0.269231	0.307692	0.269231	0.884615	0.576923	0.538462	0.538462	0.269231	0.192308	0.653846	0.346154	0.423077	0.423077	0.153846	0.846154	0.723077	0.674615
uefa europa league	TEAM2_SCORE_FT	68	46	22	0.676471	68	68	2.647059	1.279412	1	20	17	11	19	0.985294	0.691176	0.441176	0.279412	0.250000	0.161765	0.779412	0.676471	0.470588	0.500000	0.191176	0.308824	0.720588	0.352941	0.323529	0.338235	0.338235	0.661765	0.665993	0.673327
liga portugal	HT05	95	62	33	0.652632	95	95	2.736842	1.136842	7	17	13	31	27	0.926316	0.747368	0.610526	0.284211	0.136842	0.326316	0.789474	0.642105	0.505263	0.484211	0.252632	0.263158	0.652632	0.305263	0.315789	0.442105	0.242105	0.757895	0.708421	0.669368
pro league	HT1X_HOME	76	52	24	0.684211	76	76	2.815789	1.315789	7	12	17	16	24	0.907895	0.750000	0.526316	0.315789	0.223684	0.210526	0.723684	0.710526	0.526316	0.381579	0.223684	0.394737	0.710526	0.381579	0.289474	0.394737	0.315789	0.684211	0.625658	0.666645
international friendlies	TEAM1_SCORE_FT	9	6	3	0.666667	9	9	2.666667	1.555556	0	2	1	4	2	1.000000	0.777778	0.666667	0.222222	0.111111	0.444444	0.666667	0.888889	0.555556	0.111111	0.222222	0.666667	1.000000	0.333333	0.222222	0.111111	0.666667	0.333333	0.663889	0.665833
copa del rey	HT05	16	10	6	0.625000	16	16	3.187500	1.625000	0	3	3	4	6	1.000000	0.812500	0.625000	0.375000	0.187500	0.250000	0.687500	0.750000	0.437500	0.375000	0.062500	0.562500	0.625000	0.500000	0.187500	0.562500	0.250000	0.750000	0.756250	0.664375
uefa europa league	HT1X_HOME	68	45	23	0.661765	68	68	2.647059	1.279412	1	20	17	11	19	0.985294	0.691176	0.441176	0.279412	0.250000	0.161765	0.779412	0.676471	0.470588	0.500000	0.191176	0.308824	0.720588	0.352941	0.323529	0.338235	0.338235	0.661765	0.643015	0.656140
liga profesional argentina	TEAM1_SCORE_FT	143	96	47	0.671329	143	143	1.825175	0.825175	30	34	37	26	16	0.790210	0.552448	0.293706	0.111888	0.258741	0.181818	0.671329	0.517483	0.398601	0.384615	0.384615	0.230769	0.559441	0.209790	0.286713	0.503497	0.209790	0.790210	0.619471	0.655771
super lig	HT05	81	52	29	0.641975	81	81	2.567901	1.074074	9	13	14	22	23	0.888889	0.728395	0.555556	0.283951	0.172840	0.271605	0.753086	0.679012	0.543210	0.444444	0.283951	0.271605	0.641975	0.333333	0.333333	0.493827	0.172840	0.827160	0.685802	0.655123
coupe de france	TEAM1_SCORE_FT	28	18	10	0.642857	28	28	3.178571	1.250000	3	2	6	5	12	0.892857	0.821429	0.607143	0.428571	0.214286	0.178571	0.642857	0.714286	0.464286	0.285714	0.250000	0.464286	0.714286	0.321429	0.178571	0.392857	0.428571	0.571429	0.682031	0.654609
taça de portugal	TEAM2_SCORE_FT	6	4	2	0.666667	6	6	2.500000	1.000000	0	2	1	1	2	1.000000	0.666667	0.500000	0.333333	0.166667	0.166667	1.000000	0.666667	0.666667	0.666667	0.333333	0.000000	0.833333	0.166667	0.666667	0.333333	0.000000	1.000000	0.621354	0.653073
czech first league	HT05	56	36	20	0.642857	56	56	2.392857	1.017857	8	9	15	11	13	0.857143	0.696429	0.428571	0.232143	0.267857	0.196429	0.714286	0.500000	0.357143	0.446429	0.267857	0.285714	0.642857	0.285714	0.285714	0.410714	0.303571	0.696429	0.672321	0.651696
cymru premier league	HT05	50	32	18	0.640000	50	50	2.540000	1.040000	5	9	13	10	13	0.900000	0.720000	0.460000	0.260000	0.260000	0.200000	0.680000	0.720000	0.500000	0.360000	0.260000	0.380000	0.640000	0.240000	0.280000	0.420000	0.300000	0.700000	0.676000	0.650800
ligue 2	TEAM1_SCORE_FT	97	63	34	0.649485	97	97	2.350515	1.041237	16	19	19	23	20	0.835052	0.639175	0.443299	0.206186	0.195876	0.237113	0.649485	0.649485	0.463918	0.381443	0.319588	0.298969	0.608247	0.268041	0.298969	0.494845	0.206186	0.793814	0.651933	0.650219
ligue 2	O15_FT	97	62	35	0.639175	97	97	2.350515	1.041237	16	19	19	23	20	0.835052	0.639175	0.443299	0.206186	0.195876	0.237113	0.649485	0.649485	0.463918	0.381443	0.319588	0.298969	0.608247	0.268041	0.298969	0.494845	0.206186	0.793814	0.672552	0.649188
liga portugal 2	TEAM2_SCORE_FT	100	65	35	0.650000	100	100	2.410000	0.950000	10	29	13	26	22	0.900000	0.610000	0.480000	0.220000	0.130000	0.260000	0.710000	0.650000	0.460000	0.450000	0.220000	0.330000	0.590000	0.260000	0.290000	0.520000	0.190000	0.810000	0.645469	0.648641
ligue 2	TEAM2_SCORE_FT	97	63	34	0.649485	97	97	2.350515	1.041237	16	19	19	23	20	0.835052	0.639175	0.443299	0.206186	0.195876	0.237113	0.649485	0.649485	0.463918	0.381443	0.319588	0.298969	0.608247	0.268041	0.298969	0.494845	0.206186	0.793814	0.641624	0.647126
uefa wc qualifiers	TEAM2_SCORE_FT	8	5	3	0.625000	8	8	3.375000	1.000000	0	1	2	1	4	1.000000	0.875000	0.625000	0.500000	0.250000	0.125000	1.000000	0.625000	0.625000	0.500000	0.250000	0.250000	0.500000	0.250000	0.125000	0.500000	0.375000	0.625000	0.696875	0.646563
liga portugal	TEAM2_SCORE_FT	95	61	34	0.642105	95	95	2.736842	1.136842	7	17	13	31	27	0.926316	0.747368	0.610526	0.284211	0.136842	0.326316	0.789474	0.642105	0.505263	0.484211	0.252632	0.263158	0.652632	0.305263	0.315789	0.442105	0.242105	0.757895	0.649079	0.644197
primera división paraguay	TEAM2_SCORE_FT	60	39	21	0.650000	60	60	2.016667	0.800000	8	19	17	6	10	0.866667	0.550000	0.266667	0.166667	0.283333	0.100000	0.550000	0.650000	0.333333	0.350000	0.283333	0.366667	0.500000	0.200000	0.150000	0.600000	0.250000	0.750000	0.613698	0.639109
mls	TEAM2_SCORE_FT	73	46	27	0.630137	73	73	3.013699	1.452055	6	13	11	17	26	0.917808	0.739726	0.589041	0.356164	0.150685	0.232877	0.794521	0.630137	0.506849	0.547945	0.178082	0.273973	0.726027	0.410959	0.383562	0.369863	0.246575	0.753425	0.654623	0.637483
ligue 1	TEAM2_SCORE_FT	94	59	35	0.627660	94	94	2.659574	1.191489	10	17	21	16	30	0.893617	0.712766	0.489362	0.319149	0.223404	0.170213	0.712766	0.627660	0.446809	0.425532	0.234043	0.340426	0.712766	0.287234	0.372340	0.361702	0.265957	0.734043	0.659508	0.637214
uefa champions league	O25_FT	68	47	21	0.691176	68	68	3.735294	1.661765	2	4	15	15	32	0.970588	0.911765	0.691176	0.470588	0.220588	0.220588	0.882353	0.705882	0.617647	0.558824	0.132353	0.308824	0.750000	0.573529	0.426471	0.411765	0.161765	0.838235	0.500000	0.633824
belgian cup	O15_FT	8	5	3	0.625000	8	8	2.250000	1.500000	1	2	2	1	2	0.875000	0.625000	0.375000	0.250000	0.250000	0.125000	0.500000	0.625000	0.250000	0.500000	0.125000	0.375000	0.875000	0.625000	0.250000	0.375000	0.375000	0.625000	0.652344	0.633203
premiership	TEAM2_SCORE_FT	69	43	26	0.623188	69	69	2.797101	1.202899	5	13	18	10	23	0.927536	0.739130	0.478261	0.333333	0.260870	0.144928	0.797101	0.623188	0.492754	0.478261	0.260870	0.260870	0.724638	0.318841	0.405797	0.391304	0.202899	0.797101	0.646332	0.630131
serie a brazil	O15_FT	73	45	28	0.616438	73	73	2.260274	1.164384	8	20	18	14	13	0.890411	0.616438	0.369863	0.178082	0.246575	0.191781	0.726027	0.575342	0.410959	0.479452	0.273973	0.246575	0.767123	0.328767	0.369863	0.438356	0.191781	0.808219	0.647902	0.625878
liga portugal 2	O15_FT	100	61	39	0.610000	100	100	2.410000	0.950000	10	29	13	26	22	0.900000	0.610000	0.480000	0.220000	0.130000	0.260000	0.710000	0.650000	0.460000	0.450000	0.220000	0.330000	0.590000	0.260000	0.290000	0.520000	0.190000	0.810000	0.660094	0.625028
fa cup	O25_FT	56	38	18	0.678571	56	56	3.535714	1.339286	1	11	6	11	27	0.982143	0.785714	0.678571	0.482143	0.107143	0.196429	0.803571	0.821429	0.642857	0.410714	0.142857	0.446429	0.785714	0.339286	0.482143	0.250000	0.267857	0.732143	0.500000	0.625000
belgian cup	TEAM2_SCORE_FT	8	5	3	0.625000	8	8	2.250000	1.500000	1	2	2	1	2	0.875000	0.625000	0.375000	0.250000	0.250000	0.125000	0.500000	0.625000	0.250000	0.500000	0.125000	0.375000	0.875000	0.625000	0.250000	0.375000	0.375000	0.625000	0.621094	0.623828
ligue 2	HT05	97	59	38	0.608247	97	97	2.350515	1.041237	16	19	19	23	20	0.835052	0.639175	0.443299	0.206186	0.195876	0.237113	0.649485	0.649485	0.463918	0.381443	0.319588	0.298969	0.608247	0.268041	0.298969	0.494845	0.206186	0.793814	0.655670	0.622474
belgian cup	HT1X_HOME	8	5	3	0.625000	8	8	2.250000	1.500000	1	2	2	1	2	0.875000	0.625000	0.375000	0.250000	0.250000	0.125000	0.500000	0.625000	0.250000	0.500000	0.125000	0.375000	0.875000	0.625000	0.250000	0.375000	0.375000	0.625000	0.600000	0.617500
primera a colombia	TEAM2_SCORE_FT	100	62	38	0.620000	100	100	2.510000	1.080000	13	12	27	27	21	0.870000	0.750000	0.480000	0.210000	0.270000	0.270000	0.790000	0.620000	0.540000	0.460000	0.360000	0.180000	0.680000	0.300000	0.400000	0.440000	0.160000	0.840000	0.610906	0.617272
international friendlies	O25_FT	9	6	3	0.666667	9	9	2.666667	1.555556	0	2	1	4	2	1.000000	0.777778	0.666667	0.222222	0.111111	0.444444	0.666667	0.888889	0.555556	0.111111	0.222222	0.666667	1.000000	0.333333	0.222222	0.111111	0.666667	0.333333	0.500000	0.616667
league cup	TEAM1_SCORE_FT	5	3	2	0.600000	5	5	2.800000	0.800000	0	1	2	0	2	1.000000	0.800000	0.400000	0.400000	0.400000	0.000000	0.600000	0.800000	0.400000	0.400000	0.000000	0.600000	0.400000	0.200000	0.200000	0.600000	0.200000	0.800000	0.641250	0.612375
league cup	TEAM2_WIN_FT	5	3	2	0.600000	5	5	2.800000	0.800000	0	1	2	0	2	1.000000	0.800000	0.400000	0.400000	0.400000	0.000000	0.600000	0.800000	0.400000	0.400000	0.000000	0.600000	0.400000	0.200000	0.200000	0.600000	0.200000	0.800000	0.640000	0.612000
superligaen	HT1X_HOME	53	33	20	0.622642	53	53	2.754717	1.188679	2	9	13	12	17	0.962264	0.792453	0.547170	0.320755	0.245283	0.226415	0.773585	0.849057	0.660377	0.320755	0.301887	0.377358	0.660377	0.358491	0.150943	0.471698	0.377358	0.622642	0.562264	0.604528
super league switzerland	O25_FT	71	46	25	0.647887	71	71	3.281690	1.422535	3	4	18	22	24	0.957746	0.901408	0.647887	0.338028	0.253521	0.309859	0.901408	0.802817	0.746479	0.408451	0.295775	0.295775	0.788732	0.394366	0.380282	0.352113	0.267606	0.732394	0.500000	0.603521
uefa wc qualifiers	HT1X_HOME	8	5	3	0.625000	8	8	3.375000	1.000000	0	1	2	1	4	1.000000	0.875000	0.625000	0.500000	0.250000	0.125000	1.000000	0.625000	0.625000	0.500000	0.250000	0.250000	0.500000	0.250000	0.125000	0.500000	0.375000	0.625000	0.543750	0.600625
liga portugal 2	HT05	100	59	41	0.590000	100	100	2.410000	0.950000	10	29	13	26	22	0.900000	0.610000	0.480000	0.220000	0.130000	0.260000	0.710000	0.650000	0.460000	0.450000	0.220000	0.330000	0.590000	0.260000	0.290000	0.520000	0.190000	0.810000	0.621000	0.599300
bundesliga	O25_FT	106	68	38	0.641509	106	106	3.226415	1.396226	3	14	21	26	42	0.971698	0.839623	0.641509	0.396226	0.198113	0.245283	0.867925	0.726415	0.622642	0.471698	0.254717	0.273585	0.764151	0.405660	0.396226	0.396226	0.207547	0.792453	0.500000	0.599057
eredivisie	O25_FT	96	61	35	0.635417	96	96	3.093750	1.479167	4	8	23	24	37	0.958333	0.875000	0.635417	0.385417	0.239583	0.250000	0.885417	0.750000	0.677083	0.437500	0.291667	0.270833	0.760417	0.468750	0.416667	0.343750	0.239583	0.760417	0.500000	0.594792
liga pro ecuador	O15_FT	47	28	19	0.595745	47	47	1.808511	0.829787	7	12	17	7	4	0.851064	0.595745	0.234043	0.085106	0.361702	0.148936	0.702128	0.595745	0.446809	0.404255	0.404255	0.191489	0.531915	0.234043	0.297872	0.574468	0.127660	0.872340	0.585040	0.592533
uefa champions league	TEAM1_WIN_FT	68	38	30	0.558824	68	68	3.735294	1.661765	2	4	15	15	32	0.970588	0.911765	0.691176	0.470588	0.220588	0.220588	0.882353	0.705882	0.617647	0.558824	0.132353	0.308824	0.750000	0.573529	0.426471	0.411765	0.161765	0.838235	0.669118	0.591912
copa del rey	O25_FT	16	10	6	0.625000	16	16	3.187500	1.625000	0	3	3	4	6	1.000000	0.812500	0.625000	0.375000	0.187500	0.250000	0.687500	0.750000	0.437500	0.375000	0.062500	0.562500	0.625000	0.500000	0.187500	0.562500	0.250000	0.750000	0.500000	0.587500
uefa wc qualifiers	O25_FT	8	5	3	0.625000	8	8	3.375000	1.000000	0	1	2	1	4	1.000000	0.875000	0.625000	0.500000	0.250000	0.125000	1.000000	0.625000	0.625000	0.500000	0.250000	0.250000	0.500000	0.250000	0.125000	0.500000	0.375000	0.625000	0.500000	0.587500
2. bundesliga	O25_FT	87	54	33	0.620690	87	87	3.091954	1.448276	5	9	19	22	32	0.942529	0.839080	0.620690	0.367816	0.218391	0.252874	0.873563	0.758621	0.689655	0.425287	0.298851	0.275862	0.758621	0.367816	0.367816	0.333333	0.298851	0.701149	0.500000	0.584483
scottish cup	TEAM2_SCORE_FT	26	15	11	0.576923	26	26	2.884615	1.192308	2	2	8	7	7	0.923077	0.846154	0.538462	0.269231	0.307692	0.269231	0.884615	0.576923	0.538462	0.538462	0.269231	0.192308	0.653846	0.346154	0.423077	0.423077	0.153846	0.846154	0.596755	0.582873
scottish cup	TEAM1_WIN_FT	26	14	12	0.538462	26	26	2.884615	1.192308	2	2	8	7	7	0.923077	0.846154	0.538462	0.269231	0.307692	0.269231	0.884615	0.576923	0.538462	0.538462	0.269231	0.192308	0.653846	0.346154	0.423077	0.423077	0.153846	0.846154	0.682692	0.581731
mls	TEAM1_WIN_FT	73	40	33	0.547945	73	73	3.013699	1.452055	6	13	11	17	26	0.917808	0.739726	0.589041	0.356164	0.150685	0.232877	0.794521	0.630137	0.506849	0.547945	0.178082	0.273973	0.726027	0.410959	0.383562	0.369863	0.246575	0.753425	0.655479	0.580205
liga pro ecuador	TEAM2_SCORE_FT	47	28	19	0.595745	47	47	1.808511	0.829787	7	12	17	7	4	0.851064	0.595745	0.234043	0.085106	0.361702	0.148936	0.702128	0.595745	0.446809	0.404255	0.404255	0.191489	0.531915	0.234043	0.297872	0.574468	0.127660	0.872340	0.537965	0.578411
liga portugal	O25_FT	95	58	37	0.610526	95	95	2.736842	1.136842	7	17	13	31	27	0.926316	0.747368	0.610526	0.284211	0.136842	0.326316	0.789474	0.642105	0.505263	0.484211	0.252632	0.263158	0.652632	0.305263	0.315789	0.442105	0.242105	0.757895	0.500000	0.577368
coupe de france	O25_FT	28	17	11	0.607143	28	28	3.178571	1.250000	3	2	6	5	12	0.892857	0.821429	0.607143	0.428571	0.214286	0.178571	0.642857	0.714286	0.464286	0.285714	0.250000	0.464286	0.714286	0.321429	0.178571	0.392857	0.428571	0.571429	0.500000	0.575000
serie a brazil	TEAM2_SCORE_FT	73	42	31	0.575342	73	73	2.260274	1.164384	8	20	18	14	13	0.890411	0.616438	0.369863	0.178082	0.246575	0.191781	0.726027	0.575342	0.410959	0.479452	0.273973	0.246575	0.767123	0.328767	0.369863	0.438356	0.191781	0.808219	0.564170	0.571991
copa del rey	TEAM2_WIN_FT	16	9	7	0.562500	16	16	3.187500	1.625000	0	3	3	4	6	1.000000	0.812500	0.625000	0.375000	0.187500	0.250000	0.687500	0.750000	0.437500	0.375000	0.062500	0.562500	0.625000	0.500000	0.187500	0.562500	0.250000	0.750000	0.590625	0.570937
liga profesional argentina	HT05	143	80	63	0.559441	143	143	1.825175	0.825175	30	34	37	26	16	0.790210	0.552448	0.293706	0.111888	0.258741	0.181818	0.671329	0.517483	0.398601	0.384615	0.384615	0.230769	0.559441	0.209790	0.286713	0.503497	0.209790	0.790210	0.569930	0.562587
mls	O25_FT	73	43	30	0.589041	73	73	3.013699	1.452055	6	13	11	17	26	0.917808	0.739726	0.589041	0.356164	0.150685	0.232877	0.794521	0.630137	0.506849	0.547945	0.178082	0.273973	0.726027	0.410959	0.383562	0.369863	0.246575	0.753425	0.500000	0.562329
liga mx	O25_FT	99	58	41	0.585859	99	99	2.686869	1.252525	10	14	17	31	27	0.898990	0.757576	0.585859	0.272727	0.171717	0.313131	0.777778	0.676768	0.555556	0.434343	0.222222	0.343434	0.696970	0.363636	0.383838	0.393939	0.222222	0.777778	0.500000	0.560101
primera división paraguay	O15_FT	60	33	27	0.550000	60	60	2.016667	0.800000	8	19	17	6	10	0.866667	0.550000	0.266667	0.166667	0.283333	0.100000	0.550000	0.650000	0.333333	0.350000	0.283333	0.366667	0.500000	0.200000	0.150000	0.600000	0.250000	0.750000	0.578073	0.558422
liga profesional argentina	O15_FT	143	79	64	0.552448	143	143	1.825175	0.825175	30	34	37	26	16	0.790210	0.552448	0.293706	0.111888	0.258741	0.181818	0.671329	0.517483	0.398601	0.384615	0.384615	0.230769	0.559441	0.209790	0.286713	0.503497	0.209790	0.790210	0.558719	0.554329
coupe de france	HT1X_HOME	28	16	12	0.571429	28	28	3.178571	1.250000	3	2	6	5	12	0.892857	0.821429	0.607143	0.428571	0.214286	0.178571	0.642857	0.714286	0.464286	0.285714	0.250000	0.464286	0.714286	0.321429	0.178571	0.392857	0.428571	0.571429	0.508036	0.552411
primera división paraguay	TEAM1_SCORE_FT	60	33	27	0.550000	60	60	2.016667	0.800000	8	19	17	6	10	0.866667	0.550000	0.266667	0.166667	0.283333	0.100000	0.550000	0.650000	0.333333	0.350000	0.283333	0.366667	0.500000	0.200000	0.150000	0.600000	0.250000	0.750000	0.547448	0.549234
laliga	O25_FT	114	65	49	0.570175	114	114	2.938596	1.192982	3	15	31	31	34	0.973684	0.842105	0.570175	0.298246	0.271930	0.271930	0.833333	0.807018	0.666667	0.491228	0.254386	0.254386	0.710526	0.333333	0.377193	0.412281	0.210526	0.789474	0.500000	0.549123
serie b	O25_FT	137	78	59	0.569343	137	137	2.686131	1.160584	11	19	29	40	38	0.919708	0.781022	0.569343	0.277372	0.211679	0.291971	0.795620	0.678832	0.554745	0.445255	0.284672	0.270073	0.737226	0.350365	0.321168	0.416058	0.262774	0.737226	0.500000	0.548540
uefa wc qualifiers	TEAM1_WIN_FT	8	4	4	0.500000	8	8	3.375000	1.000000	0	1	2	1	4	1.000000	0.875000	0.625000	0.500000	0.250000	0.125000	1.000000	0.625000	0.625000	0.500000	0.250000	0.250000	0.500000	0.250000	0.125000	0.500000	0.375000	0.625000	0.637500	0.541250
saudi arabia	O25_FT	131	73	58	0.557252	131	131	2.969466	1.221374	5	23	30	23	50	0.961832	0.786260	0.557252	0.381679	0.229008	0.175573	0.793893	0.709924	0.541985	0.473282	0.221374	0.305344	0.717557	0.335878	0.297710	0.412214	0.290076	0.709924	0.500000	0.540076
super lig	O25_FT	81	45	36	0.555556	81	81	2.567901	1.074074	9	13	14	22	23	0.888889	0.728395	0.555556	0.283951	0.172840	0.271605	0.753086	0.679012	0.543210	0.444444	0.283951	0.271605	0.641975	0.333333	0.333333	0.493827	0.172840	0.827160	0.500000	0.538889
liga pro ecuador	HT05	47	25	22	0.531915	47	47	1.808511	0.829787	7	12	17	7	4	0.851064	0.595745	0.234043	0.085106	0.361702	0.148936	0.702128	0.595745	0.446809	0.404255	0.404255	0.191489	0.531915	0.234043	0.297872	0.574468	0.127660	0.872340	0.553191	0.538298
taça da liga	TEAM2_WIN_FT	2	1	1	0.500000	2	2	3.500000	1.500000	0	0	0	1	1	1.000000	1.000000	1.000000	0.500000	0.000000	0.500000	1.000000	1.000000	1.000000	0.500000	0.000000	0.500000	1.000000	0.500000	0.000000	0.000000	1.000000	0.000000	0.625000	0.537500
superligaen	O25_FT	53	29	24	0.547170	53	53	2.754717	1.188679	2	9	13	12	17	0.962264	0.792453	0.547170	0.320755	0.245283	0.226415	0.773585	0.849057	0.660377	0.320755	0.301887	0.377358	0.660377	0.358491	0.150943	0.471698	0.377358	0.622642	0.500000	0.533019
scottish cup	O25_FT	26	14	12	0.538462	26	26	2.884615	1.192308	2	2	8	7	7	0.923077	0.846154	0.538462	0.269231	0.307692	0.269231	0.884615	0.576923	0.538462	0.538462	0.269231	0.192308	0.653846	0.346154	0.423077	0.423077	0.153846	0.846154	0.500000	0.526923
uefa europa league	TEAM1_WIN_FT	68	34	34	0.500000	68	68	2.647059	1.279412	1	20	17	11	19	0.985294	0.691176	0.441176	0.279412	0.250000	0.161765	0.779412	0.676471	0.470588	0.500000	0.191176	0.308824	0.720588	0.352941	0.323529	0.338235	0.338235	0.661765	0.588971	0.526691
dfb pokal	TEAM1_WIN_FT	4	2	2	0.500000	4	4	2.500000	0.250000	0	0	2	2	0	1.000000	1.000000	0.500000	0.000000	0.500000	0.500000	0.750000	0.500000	0.250000	0.500000	0.250000	0.250000	0.250000	0.000000	0.250000	0.750000	0.000000	1.000000	0.587500	0.526250
laliga	TEAM1_WIN_FT	114	56	58	0.491228	114	114	2.938596	1.192982	3	15	31	31	34	0.973684	0.842105	0.570175	0.298246	0.271930	0.271930	0.833333	0.807018	0.666667	0.491228	0.254386	0.254386	0.710526	0.333333	0.377193	0.412281	0.210526	0.789474	0.596930	0.522939
uefa wc qualifiers	HT05	8	4	4	0.500000	8	8	3.375000	1.000000	0	1	2	1	4	1.000000	0.875000	0.625000	0.500000	0.250000	0.125000	1.000000	0.625000	0.625000	0.500000	0.250000	0.250000	0.500000	0.250000	0.125000	0.500000	0.375000	0.625000	0.575000	0.522500
pro league	O25_FT	76	40	36	0.526316	76	76	2.815789	1.315789	7	12	17	16	24	0.907895	0.750000	0.526316	0.315789	0.223684	0.210526	0.723684	0.710526	0.526316	0.381579	0.223684	0.394737	0.710526	0.381579	0.289474	0.394737	0.315789	0.684211	0.500000	0.518421
laliga2	O25_FT	126	66	60	0.523810	126	126	2.714286	1.333333	8	22	30	34	32	0.936508	0.761905	0.523810	0.253968	0.238095	0.269841	0.785714	0.714286	0.563492	0.484127	0.222222	0.293651	0.730159	0.404762	0.325397	0.428571	0.246032	0.753968	0.500000	0.516667
liga portugal	TEAM1_WIN_FT	95	46	49	0.484211	95	95	2.736842	1.136842	7	17	13	31	27	0.926316	0.747368	0.610526	0.284211	0.136842	0.326316	0.789474	0.642105	0.505263	0.484211	0.252632	0.263158	0.652632	0.305263	0.315789	0.442105	0.242105	0.757895	0.591579	0.516421
belgian cup	TEAM1_SCORE_FT	8	4	4	0.500000	8	8	2.250000	1.500000	1	2	2	1	2	0.875000	0.625000	0.375000	0.250000	0.250000	0.125000	0.500000	0.625000	0.250000	0.500000	0.125000	0.375000	0.875000	0.625000	0.250000	0.375000	0.375000	0.625000	0.546094	0.513828
dfb pokal	TEAM2_SCORE_FT	4	2	2	0.500000	4	4	2.500000	0.250000	0	0	2	2	0	1.000000	1.000000	0.500000	0.000000	0.500000	0.500000	0.750000	0.500000	0.250000	0.500000	0.250000	0.250000	0.250000	0.000000	0.250000	0.750000	0.000000	1.000000	0.542188	0.512656
cup	TEAM1_SCORE_FT	4	2	2	0.500000	4	4	1.750000	0.750000	2	0	0	1	1	0.500000	0.500000	0.500000	0.250000	0.000000	0.250000	0.500000	0.250000	0.250000	0.250000	0.750000	0.000000	0.500000	0.250000	0.250000	0.500000	0.250000	0.750000	0.538281	0.511484
czech first league	TEAM2_SCORE_FT	56	28	28	0.500000	56	56	2.392857	1.017857	8	9	15	11	13	0.857143	0.696429	0.428571	0.232143	0.267857	0.196429	0.714286	0.500000	0.357143	0.446429	0.267857	0.285714	0.642857	0.285714	0.285714	0.410714	0.303571	0.696429	0.537165	0.511150
premiership	TEAM1_WIN_FT	69	33	36	0.478261	69	69	2.797101	1.202899	5	13	18	10	23	0.927536	0.739130	0.478261	0.333333	0.260870	0.144928	0.797101	0.623188	0.492754	0.478261	0.260870	0.260870	0.724638	0.318841	0.405797	0.391304	0.202899	0.797101	0.586232	0.510652
liga profesional argentina	TEAM2_SCORE_FT	143	74	69	0.517483	143	143	1.825175	0.825175	30	34	37	26	16	0.790210	0.552448	0.293706	0.111888	0.258741	0.181818	0.671329	0.517483	0.398601	0.384615	0.384615	0.230769	0.559441	0.209790	0.286713	0.503497	0.209790	0.790210	0.493073	0.510160
laliga2	TEAM1_WIN_FT	126	61	65	0.484127	126	126	2.714286	1.333333	8	22	30	34	32	0.936508	0.761905	0.523810	0.253968	0.238095	0.269841	0.785714	0.714286	0.563492	0.484127	0.222222	0.293651	0.730159	0.404762	0.325397	0.428571	0.246032	0.753968	0.564286	0.508175
primera división paraguay	HT05	60	30	30	0.500000	60	60	2.016667	0.800000	8	19	17	6	10	0.866667	0.550000	0.266667	0.166667	0.283333	0.100000	0.550000	0.650000	0.333333	0.350000	0.283333	0.366667	0.500000	0.200000	0.150000	0.600000	0.250000	0.750000	0.525000	0.507500
taça da liga	TEAM1_WIN_FT	2	1	1	0.500000	2	2	3.500000	1.500000	0	0	0	1	1	1.000000	1.000000	1.000000	0.500000	0.000000	0.500000	1.000000	1.000000	1.000000	0.500000	0.000000	0.500000	1.000000	0.500000	0.000000	0.000000	1.000000	0.000000	0.525000	0.507500
serie a brazil	TEAM1_WIN_FT	73	35	38	0.479452	73	73	2.260274	1.164384	8	20	18	14	13	0.890411	0.616438	0.369863	0.178082	0.246575	0.191781	0.726027	0.575342	0.410959	0.479452	0.273973	0.246575	0.767123	0.328767	0.369863	0.438356	0.191781	0.808219	0.567808	0.505959
bundesliga	TEAM1_WIN_FT	106	50	56	0.471698	106	106	3.226415	1.396226	3	14	21	26	42	0.971698	0.839623	0.641509	0.396226	0.198113	0.245283	0.867925	0.726415	0.622642	0.471698	0.254717	0.273585	0.764151	0.405660	0.396226	0.396226	0.207547	0.792453	0.583019	0.505094
cup	O15_FT	4	2	2	0.500000	4	4	1.750000	0.750000	2	0	0	1	1	0.500000	0.500000	0.500000	0.250000	0.000000	0.250000	0.500000	0.250000	0.250000	0.250000	0.750000	0.000000	0.500000	0.250000	0.250000	0.500000	0.250000	0.750000	0.516406	0.504922
cup	HT05	4	2	2	0.500000	4	4	1.750000	0.750000	2	0	0	1	1	0.500000	0.500000	0.500000	0.250000	0.000000	0.250000	0.500000	0.250000	0.250000	0.250000	0.750000	0.000000	0.500000	0.250000	0.250000	0.500000	0.250000	0.750000	0.512500	0.503750
coupe de france	TEAM2_WIN_FT	28	13	15	0.464286	28	28	3.178571	1.250000	3	2	6	5	12	0.892857	0.821429	0.607143	0.428571	0.214286	0.178571	0.642857	0.714286	0.464286	0.285714	0.250000	0.464286	0.714286	0.321429	0.178571	0.392857	0.428571	0.571429	0.594643	0.503393
serie a italia	O25_FT	125	63	62	0.504000	125	125	2.624000	1.048000	7	24	31	30	33	0.944000	0.752000	0.504000	0.264000	0.248000	0.240000	0.744000	0.688000	0.488000	0.424000	0.240000	0.336000	0.688000	0.280000	0.312000	0.408000	0.280000	0.720000	0.500000	0.502800
belgian cup	TEAM1_WIN_FT	8	4	4	0.500000	8	8	2.250000	1.500000	1	2	2	1	2	0.875000	0.625000	0.375000	0.250000	0.250000	0.125000	0.500000	0.625000	0.250000	0.500000	0.125000	0.375000	0.875000	0.625000	0.250000	0.375000	0.375000	0.625000	0.500000	0.500000
taça de portugal	O25_FT	6	3	3	0.500000	6	6	2.500000	1.000000	0	2	1	1	2	1.000000	0.666667	0.500000	0.333333	0.166667	0.166667	1.000000	0.666667	0.666667	0.666667	0.333333	0.000000	0.833333	0.166667	0.666667	0.333333	0.000000	1.000000	0.500000	0.500000
cup	O25_FT	4	2	2	0.500000	4	4	1.750000	0.750000	2	0	0	1	1	0.500000	0.500000	0.500000	0.250000	0.000000	0.250000	0.500000	0.250000	0.250000	0.250000	0.750000	0.000000	0.500000	0.250000	0.250000	0.500000	0.250000	0.750000	0.500000	0.500000
dfb pokal	O25_FT	4	2	2	0.500000	4	4	2.500000	0.250000	0	0	2	2	0	1.000000	1.000000	0.500000	0.000000	0.500000	0.500000	0.750000	0.500000	0.250000	0.500000	0.250000	0.250000	0.250000	0.000000	0.250000	0.750000	0.000000	1.000000	0.500000	0.500000
saudi arabia	TEAM1_WIN_FT	131	62	69	0.473282	131	131	2.969466	1.221374	5	23	30	23	50	0.961832	0.786260	0.557252	0.381679	0.229008	0.175573	0.793893	0.709924	0.541985	0.473282	0.221374	0.305344	0.717557	0.335878	0.297710	0.412214	0.290076	0.709924	0.553053	0.497214
premier league	O25_FT	119	59	60	0.495798	119	119	2.647059	1.176471	13	14	33	24	35	0.890756	0.773109	0.495798	0.294118	0.277311	0.201681	0.739496	0.731092	0.579832	0.352941	0.336134	0.310924	0.680672	0.310924	0.327731	0.403361	0.268908	0.731092	0.500000	0.497059
primera a colombia	TEAM1_WIN_FT	100	46	54	0.460000	100	100	2.510000	1.080000	13	12	27	27	21	0.870000	0.750000	0.480000	0.210000	0.270000	0.270000	0.790000	0.620000	0.540000	0.460000	0.360000	0.180000	0.680000	0.300000	0.400000	0.440000	0.160000	0.840000	0.578500	0.495550
ligue 1	O25_FT	94	46	48	0.489362	94	94	2.659574	1.191489	10	17	21	16	30	0.893617	0.712766	0.489362	0.319149	0.223404	0.170213	0.712766	0.627660	0.446809	0.425532	0.234043	0.340426	0.712766	0.287234	0.372340	0.361702	0.265957	0.734043	0.500000	0.492553
championship	O25_FT	178	86	92	0.483146	178	178	2.539326	1.157303	11	30	51	46	40	0.938202	0.769663	0.483146	0.224719	0.286517	0.258427	0.741573	0.691011	0.494382	0.404494	0.219101	0.376404	0.685393	0.365169	0.325843	0.421348	0.252809	0.747191	0.500000	0.488202
liga portugal 2	O25_FT	100	48	52	0.480000	100	100	2.410000	0.950000	10	29	13	26	22	0.900000	0.610000	0.480000	0.220000	0.130000	0.260000	0.710000	0.650000	0.460000	0.450000	0.220000	0.330000	0.590000	0.260000	0.290000	0.520000	0.190000	0.810000	0.500000	0.486000
primera a colombia	O25_FT	100	48	52	0.480000	100	100	2.510000	1.080000	13	12	27	27	21	0.870000	0.750000	0.480000	0.210000	0.270000	0.270000	0.790000	0.620000	0.540000	0.460000	0.360000	0.180000	0.680000	0.300000	0.400000	0.440000	0.160000	0.840000	0.500000	0.486000
premiership	O25_FT	69	33	36	0.478261	69	69	2.797101	1.202899	5	13	18	10	23	0.927536	0.739130	0.478261	0.333333	0.260870	0.144928	0.797101	0.623188	0.492754	0.478261	0.260870	0.260870	0.724638	0.318841	0.405797	0.391304	0.202899	0.797101	0.500000	0.484783
eredivisie	TEAM1_WIN_FT	96	42	54	0.437500	96	96	3.093750	1.479167	4	8	23	24	37	0.958333	0.875000	0.635417	0.385417	0.239583	0.250000	0.885417	0.750000	0.677083	0.437500	0.291667	0.270833	0.760417	0.468750	0.416667	0.343750	0.239583	0.760417	0.582812	0.481094
serie b	TEAM1_WIN_FT	137	61	76	0.445255	137	137	2.686131	1.160584	11	19	29	40	38	0.919708	0.781022	0.569343	0.277372	0.211679	0.291971	0.795620	0.678832	0.554745	0.445255	0.284672	0.270073	0.737226	0.350365	0.321168	0.416058	0.262774	0.737226	0.550730	0.476898
czech first league	TEAM1_WIN_FT	56	25	31	0.446429	56	56	2.392857	1.017857	8	9	15	11	13	0.857143	0.696429	0.428571	0.232143	0.267857	0.196429	0.714286	0.500000	0.357143	0.446429	0.267857	0.285714	0.642857	0.285714	0.285714	0.410714	0.303571	0.696429	0.541964	0.475089
super lig	TEAM1_WIN_FT	81	36	45	0.444444	81	81	2.567901	1.074074	9	13	14	22	23	0.888889	0.728395	0.555556	0.283951	0.172840	0.271605	0.753086	0.679012	0.543210	0.444444	0.283951	0.271605	0.641975	0.333333	0.333333	0.493827	0.172840	0.827160	0.539506	0.472963
cymru premier league	O25_FT	50	23	27	0.460000	50	50	2.540000	1.040000	5	9	13	10	13	0.900000	0.720000	0.460000	0.260000	0.260000	0.200000	0.680000	0.720000	0.500000	0.360000	0.260000	0.380000	0.640000	0.240000	0.280000	0.420000	0.300000	0.700000	0.500000	0.472000
liga portugal 2	TEAM1_WIN_FT	100	45	55	0.450000	100	100	2.410000	0.950000	10	29	13	26	22	0.900000	0.610000	0.480000	0.220000	0.130000	0.260000	0.710000	0.650000	0.460000	0.450000	0.220000	0.330000	0.590000	0.260000	0.290000	0.520000	0.190000	0.810000	0.517000	0.470100
liga mx	TEAM1_WIN_FT	99	43	56	0.434343	99	99	2.686869	1.252525	10	14	17	31	27	0.898990	0.757576	0.585859	0.272727	0.171717	0.313131	0.777778	0.676768	0.555556	0.434343	0.222222	0.343434	0.696970	0.363636	0.383838	0.393939	0.222222	0.777778	0.535859	0.464798
2. bundesliga	TEAM1_WIN_FT	87	37	50	0.425287	87	87	3.091954	1.448276	5	9	19	22	32	0.942529	0.839080	0.620690	0.367816	0.218391	0.252874	0.873563	0.758621	0.689655	0.425287	0.298851	0.275862	0.758621	0.367816	0.367816	0.333333	0.298851	0.701149	0.550575	0.462874
fa cup	TEAM2_WIN_FT	56	25	31	0.446429	56	56	3.535714	1.339286	1	11	6	11	27	0.982143	0.785714	0.678571	0.482143	0.107143	0.196429	0.803571	0.821429	0.642857	0.410714	0.142857	0.446429	0.785714	0.339286	0.482143	0.250000	0.267857	0.732143	0.497321	0.461696
ligue 2	O25_FT	97	43	54	0.443299	97	97	2.350515	1.041237	16	19	19	23	20	0.835052	0.639175	0.443299	0.206186	0.195876	0.237113	0.649485	0.649485	0.463918	0.381443	0.319588	0.298969	0.608247	0.268041	0.298969	0.494845	0.206186	0.793814	0.500000	0.460309
uefa europa league	O25_FT	68	30	38	0.441176	68	68	2.647059	1.279412	1	20	17	11	19	0.985294	0.691176	0.441176	0.279412	0.250000	0.161765	0.779412	0.676471	0.470588	0.500000	0.191176	0.308824	0.720588	0.352941	0.323529	0.338235	0.338235	0.661765	0.500000	0.458824
serie a italia	TEAM1_WIN_FT	125	53	72	0.424000	125	125	2.624000	1.048000	7	24	31	30	33	0.944000	0.752000	0.504000	0.264000	0.248000	0.240000	0.744000	0.688000	0.488000	0.424000	0.240000	0.336000	0.688000	0.280000	0.312000	0.408000	0.280000	0.720000	0.518800	0.452440
super league switzerland	TEAM1_WIN_FT	71	29	42	0.408451	71	71	3.281690	1.422535	3	4	18	22	24	0.957746	0.901408	0.647887	0.338028	0.253521	0.309859	0.901408	0.802817	0.746479	0.408451	0.295775	0.295775	0.788732	0.394366	0.380282	0.352113	0.267606	0.732394	0.547887	0.450282
czech first league	O25_FT	56	24	32	0.428571	56	56	2.392857	1.017857	8	9	15	11	13	0.857143	0.696429	0.428571	0.232143	0.267857	0.196429	0.714286	0.500000	0.357143	0.446429	0.267857	0.285714	0.642857	0.285714	0.285714	0.410714	0.303571	0.696429	0.500000	0.450000
ligue 1	TEAM1_WIN_FT	94	40	54	0.425532	94	94	2.659574	1.191489	10	17	21	16	30	0.893617	0.712766	0.489362	0.319149	0.223404	0.170213	0.712766	0.627660	0.446809	0.425532	0.234043	0.340426	0.712766	0.287234	0.372340	0.361702	0.265957	0.734043	0.503723	0.448989
fa cup	TEAM1_WIN_FT	56	23	33	0.410714	56	56	3.535714	1.339286	1	11	6	11	27	0.982143	0.785714	0.678571	0.482143	0.107143	0.196429	0.803571	0.821429	0.642857	0.410714	0.142857	0.446429	0.785714	0.339286	0.482143	0.250000	0.267857	0.732143	0.517857	0.442857
liga pro ecuador	TEAM1_WIN_FT	47	19	28	0.404255	47	47	1.808511	0.829787	7	12	17	7	4	0.851064	0.595745	0.234043	0.085106	0.361702	0.148936	0.702128	0.595745	0.446809	0.404255	0.404255	0.191489	0.531915	0.234043	0.297872	0.574468	0.127660	0.872340	0.505319	0.434574
championship	TEAM1_WIN_FT	178	72	106	0.404494	178	178	2.539326	1.157303	11	30	51	46	40	0.938202	0.769663	0.483146	0.224719	0.286517	0.258427	0.741573	0.691011	0.494382	0.404494	0.219101	0.376404	0.685393	0.365169	0.325843	0.421348	0.252809	0.747191	0.498315	0.432640
league cup	O25_FT	5	2	3	0.400000	5	5	2.800000	0.800000	0	1	2	0	2	1.000000	0.800000	0.400000	0.400000	0.400000	0.000000	0.600000	0.800000	0.400000	0.400000	0.000000	0.600000	0.400000	0.200000	0.200000	0.600000	0.200000	0.800000	0.500000	0.430000
pro league	TEAM2_WIN_FT	76	30	46	0.394737	76	76	2.815789	1.315789	7	12	17	16	24	0.907895	0.750000	0.526316	0.315789	0.223684	0.210526	0.723684	0.710526	0.526316	0.381579	0.223684	0.394737	0.710526	0.381579	0.289474	0.394737	0.315789	0.684211	0.486842	0.422368
league cup	HT05	5	2	3	0.400000	5	5	2.800000	0.800000	0	1	2	0	2	1.000000	0.800000	0.400000	0.400000	0.400000	0.000000	0.600000	0.800000	0.400000	0.400000	0.000000	0.600000	0.400000	0.200000	0.200000	0.600000	0.200000	0.800000	0.460000	0.418000
superligaen	TEAM2_WIN_FT	53	20	33	0.377358	53	53	2.754717	1.188679	2	9	13	12	17	0.962264	0.792453	0.547170	0.320755	0.245283	0.226415	0.773585	0.849057	0.660377	0.320755	0.301887	0.377358	0.660377	0.358491	0.150943	0.471698	0.377358	0.622642	0.507547	0.416415
liga profesional argentina	TEAM1_WIN_FT	143	55	88	0.384615	143	143	1.825175	0.825175	30	34	37	26	16	0.790210	0.552448	0.293706	0.111888	0.258741	0.181818	0.671329	0.517483	0.398601	0.384615	0.384615	0.230769	0.559441	0.209790	0.286713	0.503497	0.209790	0.790210	0.489510	0.416084
belgian cup	O25_FT	8	3	5	0.375000	8	8	2.250000	1.500000	1	2	2	1	2	0.875000	0.625000	0.375000	0.250000	0.250000	0.125000	0.500000	0.625000	0.250000	0.500000	0.125000	0.375000	0.875000	0.625000	0.250000	0.375000	0.375000	0.625000	0.500000	0.412500
serie a brazil	O25_FT	73	27	46	0.369863	73	73	2.260274	1.164384	8	20	18	14	13	0.890411	0.616438	0.369863	0.178082	0.246575	0.191781	0.726027	0.575342	0.410959	0.479452	0.273973	0.246575	0.767123	0.328767	0.369863	0.438356	0.191781	0.808219	0.500000	0.408904
ligue 2	TEAM1_WIN_FT	97	37	60	0.381443	97	97	2.350515	1.041237	16	19	19	23	20	0.835052	0.639175	0.443299	0.206186	0.195876	0.237113	0.649485	0.649485	0.463918	0.381443	0.319588	0.298969	0.608247	0.268041	0.298969	0.494845	0.206186	0.793814	0.465464	0.406649
league cup	TEAM1_WIN_FT	5	2	3	0.400000	5	5	2.800000	0.800000	0	1	2	0	2	1.000000	0.800000	0.400000	0.400000	0.400000	0.000000	0.600000	0.800000	0.400000	0.400000	0.000000	0.600000	0.400000	0.200000	0.200000	0.600000	0.200000	0.800000	0.420000	0.406000
cymru premier league	TEAM2_WIN_FT	50	19	31	0.380000	50	50	2.540000	1.040000	5	9	13	10	13	0.900000	0.720000	0.460000	0.260000	0.260000	0.200000	0.680000	0.720000	0.500000	0.360000	0.260000	0.380000	0.640000	0.240000	0.280000	0.420000	0.300000	0.700000	0.461000	0.404300
pro league	TEAM1_WIN_FT	76	29	47	0.381579	76	76	2.815789	1.315789	7	12	17	16	24	0.907895	0.750000	0.526316	0.315789	0.223684	0.210526	0.723684	0.710526	0.526316	0.381579	0.223684	0.394737	0.710526	0.381579	0.289474	0.394737	0.315789	0.684211	0.455263	0.403684
belgian cup	TEAM2_WIN_FT	8	3	5	0.375000	8	8	2.250000	1.500000	1	2	2	1	2	0.875000	0.625000	0.375000	0.250000	0.250000	0.125000	0.500000	0.625000	0.250000	0.500000	0.125000	0.375000	0.875000	0.625000	0.250000	0.375000	0.375000	0.625000	0.450000	0.397500
championship	TEAM2_WIN_FT	178	67	111	0.376404	178	178	2.539326	1.157303	11	30	51	46	40	0.938202	0.769663	0.483146	0.224719	0.286517	0.258427	0.741573	0.691011	0.494382	0.404494	0.219101	0.376404	0.685393	0.365169	0.325843	0.421348	0.252809	0.747191	0.446067	0.397303
copa del rey	TEAM1_WIN_FT	16	6	10	0.375000	16	16	3.187500	1.625000	0	3	3	4	6	1.000000	0.812500	0.625000	0.375000	0.187500	0.250000	0.687500	0.750000	0.437500	0.375000	0.062500	0.562500	0.625000	0.500000	0.187500	0.562500	0.250000	0.750000	0.440625	0.394687
primera división paraguay	TEAM2_WIN_FT	60	22	38	0.366667	60	60	2.016667	0.800000	8	19	17	6	10	0.866667	0.550000	0.266667	0.166667	0.283333	0.100000	0.550000	0.650000	0.333333	0.350000	0.283333	0.366667	0.500000	0.200000	0.150000	0.600000	0.250000	0.750000	0.454167	0.392917
cymru premier league	TEAM1_WIN_FT	50	18	32	0.360000	50	50	2.540000	1.040000	5	9	13	10	13	0.900000	0.720000	0.460000	0.260000	0.260000	0.200000	0.680000	0.720000	0.500000	0.360000	0.260000	0.380000	0.640000	0.240000	0.280000	0.420000	0.300000	0.700000	0.456000	0.388800
premier league	TEAM1_WIN_FT	119	42	77	0.352941	119	119	2.647059	1.176471	13	14	33	24	35	0.890756	0.773109	0.495798	0.294118	0.277311	0.201681	0.739496	0.731092	0.579832	0.352941	0.336134	0.310924	0.680672	0.310924	0.327731	0.403361	0.268908	0.731092	0.469328	0.387857
primera división paraguay	TEAM1_WIN_FT	60	21	39	0.350000	60	60	2.016667	0.800000	8	19	17	6	10	0.866667	0.550000	0.266667	0.166667	0.283333	0.100000	0.550000	0.650000	0.333333	0.350000	0.283333	0.366667	0.500000	0.200000	0.150000	0.600000	0.250000	0.750000	0.420000	0.371000
international friendlies	HT1X_HOME	9	3	6	0.333333	9	9	2.666667	1.555556	0	2	1	4	2	1.000000	0.777778	0.666667	0.222222	0.111111	0.444444	0.666667	0.888889	0.555556	0.111111	0.222222	0.666667	1.000000	0.333333	0.222222	0.111111	0.666667	0.333333	0.447222	0.367500
ligue 1	TEAM2_WIN_FT	94	32	62	0.340426	94	94	2.659574	1.191489	10	17	21	16	30	0.893617	0.712766	0.489362	0.319149	0.223404	0.170213	0.712766	0.627660	0.446809	0.425532	0.234043	0.340426	0.712766	0.287234	0.372340	0.361702	0.265957	0.734043	0.418617	0.363883
liga mx	TEAM2_WIN_FT	99	34	65	0.343434	99	99	2.686869	1.252525	10	14	17	31	27	0.898990	0.757576	0.585859	0.272727	0.171717	0.313131	0.777778	0.676768	0.555556	0.434343	0.222222	0.343434	0.696970	0.363636	0.383838	0.393939	0.222222	0.777778	0.410101	0.363434
serie a italia	TEAM2_WIN_FT	125	42	83	0.336000	125	125	2.624000	1.048000	7	24	31	30	33	0.944000	0.752000	0.504000	0.264000	0.248000	0.240000	0.744000	0.688000	0.488000	0.424000	0.240000	0.336000	0.688000	0.280000	0.312000	0.408000	0.280000	0.720000	0.414000	0.359400
liga portugal 2	TEAM2_WIN_FT	100	33	67	0.330000	100	100	2.410000	0.950000	10	29	13	26	22	0.900000	0.610000	0.480000	0.220000	0.130000	0.260000	0.710000	0.650000	0.460000	0.450000	0.220000	0.330000	0.590000	0.260000	0.290000	0.520000	0.190000	0.810000	0.416000	0.355800
liga profesional argentina	O25_FT	143	42	101	0.293706	143	143	1.825175	0.825175	30	34	37	26	16	0.790210	0.552448	0.293706	0.111888	0.258741	0.181818	0.671329	0.517483	0.398601	0.384615	0.384615	0.230769	0.559441	0.209790	0.286713	0.503497	0.209790	0.790210	0.500000	0.355594
superligaen	TEAM1_WIN_FT	53	17	36	0.320755	53	53	2.754717	1.188679	2	9	13	12	17	0.962264	0.792453	0.547170	0.320755	0.245283	0.226415	0.773585	0.849057	0.660377	0.320755	0.301887	0.377358	0.660377	0.358491	0.150943	0.471698	0.377358	0.622642	0.419811	0.350472
premier league	TEAM2_WIN_FT	119	37	82	0.310924	119	119	2.647059	1.176471	13	14	33	24	35	0.890756	0.773109	0.495798	0.294118	0.277311	0.201681	0.739496	0.731092	0.579832	0.352941	0.336134	0.310924	0.680672	0.310924	0.327731	0.403361	0.268908	0.731092	0.416387	0.342563
primera división paraguay	O25_FT	60	16	44	0.266667	60	60	2.016667	0.800000	8	19	17	6	10	0.866667	0.550000	0.266667	0.166667	0.283333	0.100000	0.550000	0.650000	0.333333	0.350000	0.283333	0.366667	0.500000	0.200000	0.150000	0.600000	0.250000	0.750000	0.500000	0.336667
saudi arabia	TEAM2_WIN_FT	131	40	91	0.305344	131	131	2.969466	1.221374	5	23	30	23	50	0.961832	0.786260	0.557252	0.381679	0.229008	0.175573	0.793893	0.709924	0.541985	0.473282	0.221374	0.305344	0.717557	0.335878	0.297710	0.412214	0.290076	0.709924	0.400763	0.333969
ligue 2	TEAM2_WIN_FT	97	29	68	0.298969	97	97	2.350515	1.041237	16	19	19	23	20	0.835052	0.639175	0.443299	0.206186	0.195876	0.237113	0.649485	0.649485	0.463918	0.381443	0.319588	0.298969	0.608247	0.268041	0.298969	0.494845	0.206186	0.793814	0.403608	0.330361
uefa europa league	TEAM2_WIN_FT	68	21	47	0.308824	68	68	2.647059	1.279412	1	20	17	11	19	0.985294	0.691176	0.441176	0.279412	0.250000	0.161765	0.779412	0.676471	0.470588	0.500000	0.191176	0.308824	0.720588	0.352941	0.323529	0.338235	0.338235	0.661765	0.374265	0.328456
super league switzerland	TEAM2_WIN_FT	71	21	50	0.295775	71	71	3.281690	1.422535	3	4	18	22	24	0.957746	0.901408	0.647887	0.338028	0.253521	0.309859	0.901408	0.802817	0.746479	0.408451	0.295775	0.295775	0.788732	0.394366	0.380282	0.352113	0.267606	0.732394	0.395070	0.325563
laliga2	TEAM2_WIN_FT	126	37	89	0.293651	126	126	2.714286	1.333333	8	22	30	34	32	0.936508	0.761905	0.523810	0.253968	0.238095	0.269841	0.785714	0.714286	0.563492	0.484127	0.222222	0.293651	0.730159	0.404762	0.325397	0.428571	0.246032	0.753968	0.388492	0.322103
uefa champions league	TEAM2_WIN_FT	68	21	47	0.308824	68	68	3.735294	1.661765	2	4	15	15	32	0.970588	0.911765	0.691176	0.470588	0.220588	0.220588	0.882353	0.705882	0.617647	0.558824	0.132353	0.308824	0.750000	0.573529	0.426471	0.411765	0.161765	0.838235	0.346324	0.320074
liga pro ecuador	O25_FT	47	11	36	0.234043	47	47	1.808511	0.829787	7	12	17	7	4	0.851064	0.595745	0.234043	0.085106	0.361702	0.148936	0.702128	0.595745	0.446809	0.404255	0.404255	0.191489	0.531915	0.234043	0.297872	0.574468	0.127660	0.872340	0.500000	0.313830
2. bundesliga	TEAM2_WIN_FT	87	24	63	0.275862	87	87	3.091954	1.448276	5	9	19	22	32	0.942529	0.839080	0.620690	0.367816	0.218391	0.252874	0.873563	0.758621	0.689655	0.425287	0.298851	0.275862	0.758621	0.367816	0.367816	0.333333	0.298851	0.701149	0.379885	0.307069
cup	TEAM1_WIN_FT	4	1	3	0.250000	4	4	1.750000	0.750000	2	0	0	1	1	0.500000	0.500000	0.500000	0.250000	0.000000	0.250000	0.500000	0.250000	0.250000	0.250000	0.750000	0.000000	0.500000	0.250000	0.250000	0.500000	0.250000	0.750000	0.437500	0.306250
czech first league	TEAM2_WIN_FT	56	16	40	0.285714	56	56	2.392857	1.017857	8	9	15	11	13	0.857143	0.696429	0.428571	0.232143	0.267857	0.196429	0.714286	0.500000	0.357143	0.446429	0.267857	0.285714	0.642857	0.285714	0.285714	0.410714	0.303571	0.696429	0.342857	0.302857
bundesliga	TEAM2_WIN_FT	106	29	77	0.273585	106	106	3.226415	1.396226	3	14	21	26	42	0.971698	0.839623	0.641509	0.396226	0.198113	0.245283	0.867925	0.726415	0.622642	0.471698	0.254717	0.273585	0.764151	0.405660	0.396226	0.396226	0.207547	0.792453	0.366038	0.301321
super lig	TEAM2_WIN_FT	81	22	59	0.271605	81	81	2.567901	1.074074	9	13	14	22	23	0.888889	0.728395	0.555556	0.283951	0.172840	0.271605	0.753086	0.679012	0.543210	0.444444	0.283951	0.271605	0.641975	0.333333	0.333333	0.493827	0.172840	0.827160	0.369136	0.300864
serie b	TEAM2_WIN_FT	137	37	100	0.270073	137	137	2.686131	1.160584	11	19	29	40	38	0.919708	0.781022	0.569343	0.277372	0.211679	0.291971	0.795620	0.678832	0.554745	0.445255	0.284672	0.270073	0.737226	0.350365	0.321168	0.416058	0.262774	0.737226	0.363869	0.298212
coupe de france	TEAM1_WIN_FT	28	8	20	0.285714	28	28	3.178571	1.250000	3	2	6	5	12	0.892857	0.821429	0.607143	0.428571	0.214286	0.178571	0.642857	0.714286	0.464286	0.285714	0.250000	0.464286	0.714286	0.321429	0.178571	0.392857	0.428571	0.571429	0.321429	0.296429
eredivisie	TEAM2_WIN_FT	96	26	70	0.270833	96	96	3.093750	1.479167	4	8	23	24	37	0.958333	0.875000	0.635417	0.385417	0.239583	0.250000	0.885417	0.750000	0.677083	0.437500	0.291667	0.270833	0.760417	0.468750	0.416667	0.343750	0.239583	0.760417	0.352083	0.295208
schweizer cup	TEAM2_WIN_FT	4	1	3	0.250000	4	4	4.000000	1.500000	0	0	0	3	1	1.000000	1.000000	1.000000	0.250000	0.000000	0.750000	1.000000	1.000000	1.000000	0.750000	0.000000	0.250000	1.000000	0.500000	0.500000	0.250000	0.250000	0.750000	0.387500	0.291250
laliga	TEAM2_WIN_FT	114	29	85	0.254386	114	114	2.938596	1.192982	3	15	31	31	34	0.973684	0.842105	0.570175	0.298246	0.271930	0.271930	0.833333	0.807018	0.666667	0.491228	0.254386	0.254386	0.710526	0.333333	0.377193	0.412281	0.210526	0.789474	0.359211	0.285833
mls	TEAM2_WIN_FT	73	20	53	0.273973	73	73	3.013699	1.452055	6	13	11	17	26	0.917808	0.739726	0.589041	0.356164	0.150685	0.232877	0.794521	0.630137	0.506849	0.547945	0.178082	0.273973	0.726027	0.410959	0.383562	0.369863	0.246575	0.753425	0.310274	0.284863
liga portugal	TEAM2_WIN_FT	95	25	70	0.263158	95	95	2.736842	1.136842	7	17	13	31	27	0.926316	0.747368	0.610526	0.284211	0.136842	0.326316	0.789474	0.642105	0.505263	0.484211	0.252632	0.263158	0.652632	0.305263	0.315789	0.442105	0.242105	0.757895	0.334211	0.284474
premiership	TEAM2_WIN_FT	69	18	51	0.260870	69	69	2.797101	1.202899	5	13	18	10	23	0.927536	0.739130	0.478261	0.333333	0.260870	0.144928	0.797101	0.623188	0.492754	0.478261	0.260870	0.260870	0.724638	0.318841	0.405797	0.391304	0.202899	0.797101	0.333333	0.282609
uefa wc qualifiers	TEAM2_WIN_FT	8	2	6	0.250000	8	8	3.375000	1.000000	0	1	2	1	4	1.000000	0.875000	0.625000	0.500000	0.250000	0.125000	1.000000	0.625000	0.625000	0.500000	0.250000	0.250000	0.500000	0.250000	0.125000	0.500000	0.375000	0.625000	0.318750	0.270625
serie a brazil	TEAM2_WIN_FT	73	18	55	0.246575	73	73	2.260274	1.164384	8	20	18	14	13	0.890411	0.616438	0.369863	0.178082	0.246575	0.191781	0.726027	0.575342	0.410959	0.479452	0.273973	0.246575	0.767123	0.328767	0.369863	0.438356	0.191781	0.808219	0.326712	0.270616
dfb pokal	TEAM2_WIN_FT	4	1	3	0.250000	4	4	2.500000	0.250000	0	0	2	2	0	1.000000	1.000000	0.500000	0.000000	0.500000	0.500000	0.750000	0.500000	0.250000	0.500000	0.250000	0.250000	0.250000	0.000000	0.250000	0.750000	0.000000	1.000000	0.312500	0.268750
cup	TEAM2_SCORE_FT	4	1	3	0.250000	4	4	1.750000	0.750000	2	0	0	1	1	0.500000	0.500000	0.500000	0.250000	0.000000	0.250000	0.500000	0.250000	0.250000	0.250000	0.750000	0.000000	0.500000	0.250000	0.250000	0.500000	0.250000	0.750000	0.294531	0.263359
liga profesional argentina	TEAM2_WIN_FT	143	33	110	0.230769	143	143	1.825175	0.825175	30	34	37	26	16	0.790210	0.552448	0.293706	0.111888	0.258741	0.181818	0.671329	0.517483	0.398601	0.384615	0.384615	0.230769	0.559441	0.209790	0.286713	0.503497	0.209790	0.790210	0.327273	0.259720
dfb pokal	HT05	4	1	3	0.250000	4	4	2.500000	0.250000	0	0	2	2	0	1.000000	1.000000	0.500000	0.000000	0.500000	0.500000	0.750000	0.500000	0.250000	0.500000	0.250000	0.250000	0.250000	0.000000	0.250000	0.750000	0.000000	1.000000	0.225000	0.242500
liga pro ecuador	TEAM2_WIN_FT	47	9	38	0.191489	47	47	1.808511	0.829787	7	12	17	7	4	0.851064	0.595745	0.234043	0.085106	0.361702	0.148936	0.702128	0.595745	0.446809	0.404255	0.404255	0.191489	0.531915	0.234043	0.297872	0.574468	0.127660	0.872340	0.317021	0.229149
primera a colombia	TEAM2_WIN_FT	100	18	82	0.180000	100	100	2.510000	1.080000	13	12	27	27	21	0.870000	0.750000	0.480000	0.210000	0.270000	0.270000	0.790000	0.620000	0.540000	0.460000	0.360000	0.180000	0.680000	0.300000	0.400000	0.440000	0.160000	0.840000	0.285000	0.211500
scottish cup	TEAM2_WIN_FT	26	5	21	0.192308	26	26	2.884615	1.192308	2	2	8	7	7	0.923077	0.846154	0.538462	0.269231	0.307692	0.269231	0.884615	0.576923	0.538462	0.538462	0.269231	0.192308	0.653846	0.346154	0.423077	0.423077	0.153846	0.846154	0.238462	0.206154
international friendlies	TEAM1_WIN_FT	9	1	8	0.111111	9	9	2.666667	1.555556	0	2	1	4	2	1.000000	0.777778	0.666667	0.222222	0.111111	0.444444	0.666667	0.888889	0.555556	0.111111	0.222222	0.666667	1.000000	0.333333	0.222222	0.111111	0.666667	0.333333	0.266667	0.157778
taça de portugal	TEAM2_WIN_FT	6	0	6	0.000000	6	6	2.500000	1.000000	0	2	1	1	2	1.000000	0.666667	0.500000	0.333333	0.166667	0.166667	1.000000	0.666667	0.666667	0.666667	0.333333	0.000000	0.833333	0.166667	0.666667	0.333333	0.000000	1.000000	0.166667	0.050000
taça da liga	HT1X_HOME	2	0	2	0.000000	2	2	3.500000	1.500000	0	0	0	1	1	1.000000	1.000000	1.000000	0.500000	0.000000	0.500000	1.000000	1.000000	1.000000	0.500000	0.000000	0.500000	1.000000	0.500000	0.000000	0.000000	1.000000	0.000000	0.150000	0.045000
cup	TEAM2_WIN_FT	4	0	4	0.000000	4	4	1.750000	0.750000	2	0	0	1	1	0.500000	0.500000	0.500000	0.250000	0.000000	0.250000	0.500000	0.250000	0.250000	0.250000	0.750000	0.000000	0.500000	0.250000	0.250000	0.500000	0.250000	0.750000	0.112500	0.033750
